; 8556; 250,69%
-; 1795; 52,59%
в; 1005; 29,45%
э; 702; 20,57%
не; 471; 13,80%
я; 323; 9,46%
что; 300; 8,79%
и; 281; 8,23%
на; 249; 7,30%
он; 248; 7,27%
п; 203; 5,95%
это; 183; 5,36%
ты; 179; 5,24%
лакки; 175; 5,13%
мы; 155; 4,54%
с; 127; 3,72%
эстрагон; 120; 3,52%
да; 109; 3,19%
молчание; 108; 3,16%
поццо; 108; 3,16%
его; 106; 3,11%
а; 99; 2,90%
мне; 94; 2,75%
так; 91; 2,67%
пауза; 90; 2,64%
как; 87; 2,55%
к; 86; 2,52%
владимир; 85; 2,49%
вы; 85; 2,49%
же; 84; 2,46%
меня; 81; 2,37%
нет; 81; 2,37%
за; 75; 2,20%
но; 74; 2,17%
сударь; 67; 1,96%
у; 62; 1,82%
все; 61; 1,79%
они; 61; 1,79%
смотрит; 58; 1,70%
если; 55; 1,61%
останавливается; 54; 1,58%
снова; 51; 1,49%
м; 51; 1,49%
бы; 49; 1,44%
ему; 49; 1,44%
ну; 48; 1,41%
него; 48; 1,41%
годо; 47; 1,38%
шляпу; 47; 1,38%
почему; 47; 1,38%
ничего; 46; 1,35%
чтобы; 46; 1,35%
может; 46; 1,35%
здесь; 44; 1,29%
их; 43; 1,26%
вот; 43; 1,26%
тебе; 43; 1,26%
о; 42; 1,23%
нам; 39; 1,14%
знаю; 37; 1,08%
то; 36; 1,05%
больше; 36; 1,05%
эстрагону; 35; 1,03%
тогда; 35; 1,03%
кто; 35; 1,03%
еe; 35; 1,03%
от; 35; 1,03%
было; 34; 1,00%
ли; 34; 1,00%
этом; 33; 0,97%
вам; 33; 0,97%
тебя; 32; 0,94%
время; 31; 0,91%
когда; 30; 0,88%
уже; 30; 0,88%
нас; 30; 0,88%
по; 30; 0,88%
очень; 29; 0,85%
теперь; 28; 0,82%
голову; 28; 0,82%
только; 27; 0,79%
владимиру; 27; 0,79%
поднимает; 27; 0,79%
берет; 27; 0,79%
начинает; 26; 0,76%
со; 26; 0,76%
подходит; 26; 0,76%
вчера; 26; 0,76%
отходит; 26; 0,76%
себя; 25; 0,73%
сейчас; 25; 0,73%
один; 25; 0,73%
сказать; 25; 0,73%
дерево; 24; 0,70%
хорошо; 24; 0,70%
есть; 24; 0,70%
где; 23; 0,67%
из; 23; 0,67%
друг; 23; 0,67%
всe; 23; 0,67%
чем; 23; 0,67%
был; 22; 0,64%
были; 22; 0,64%
день; 22; 0,64%
надо; 22; 0,64%
идет; 22; 0,64%
тоже; 21; 0,62%
там; 21; 0,62%
наконец; 21; 0,62%
эстрагона; 21; 0,62%
вперед; 21; 0,62%
для; 20; 0,59%
будем; 20; 0,59%
ах; 20; 0,59%
владимира; 20; 0,59%
ставит; 20; 0,59%
руку; 19; 0,56%
хочешь; 19; 0,56%
или; 19; 0,56%
корзину; 19; 0,56%
веревку; 19; 0,56%
свою; 19; 0,56%
еще; 18; 0,53%
смотрят; 18; 0,53%
этого; 18; 0,53%
делать; 18; 0,53%
давай; 18; 0,53%
могу; 18; 0,53%
лучше; 18; 0,53%
падает; 18; 0,53%
вещи; 18; 0,53%
протягивает; 17; 0,50%
до; 17; 0,50%
сказал; 17; 0,50%
землю; 17; 0,50%
пока; 17; 0,50%
гого; 17; 0,50%
чeм; 17; 0,50%
сюда; 17; 0,50%
ещe; 17; 0,50%
говорил; 16; 0,47%
думает; 16; 0,47%
нужно; 16; 0,47%
ним; 16; 0,47%
дело; 16; 0,47%
дергает; 16; 0,47%
себе; 15; 0,44%
придет; 15; 0,44%
двигается; 15; 0,44%
поворачивается; 15; 0,44%
быть; 15; 0,44%
правда; 15; 0,44%
мальчик; 15; 0,44%
башмак; 14; 0,41%
думать; 14; 0,41%
ночь; 14; 0,41%
немного; 14; 0,41%
говорю; 14; 0,41%
никогда; 14; 0,41%
раз; 14; 0,41%
месте; 14; 0,41%
она; 14; 0,41%
который; 14; 0,41%
чего; 14; 0,41%
можем; 14; 0,41%
оно; 14; 0,41%
диди; 14; 0,41%
хочет; 14; 0,41%
делает; 14; 0,41%
ни; 14; 0,41%
конечно; 14; 0,41%
вас; 14; 0,41%
кости; 14; 0,41%
неизвестно; 14; 0,41%
колеблется; 14; 0,41%
ждем; 14; 0,41%
руки; 13; 0,38%
будет; 13; 0,38%
надевает; 13; 0,38%
ногу; 13; 0,38%
том; 13; 0,38%
ждать; 13; 0,38%
кажется; 13; 0,38%
вечером; 13; 0,38%
пойдем; 13; 0,38%
чемодан; 13; 0,38%
трубку; 13; 0,38%
руками; 12; 0,35%
другой; 12; 0,35%
хватит; 12; 0,35%
башмаки; 12; 0,35%
что-то; 12; 0,35%
наверное; 12; 0,35%
возможно; 12; 0,35%
свои; 12; 0,35%
завтра; 12; 0,35%
скажи; 12; 0,35%
тот; 12; 0,35%
друга; 12; 0,35%
стул; 12; 0,35%
хотите; 12; 0,35%
потом; 11; 0,32%
без; 11; 0,32%
об; 11; 0,32%
слишком; 11; 0,32%
даже; 11; 0,32%
видел; 11; 0,32%
действительно; 11; 0,32%
того; 11; 0,32%
что-нибудь; 11; 0,32%
глаза; 11; 0,32%
ухожу; 11; 0,32%
перед; 11; 0,32%
сцене; 11; 0,32%
знаешь; 11; 0,32%
кнут; 11; 0,32%
поднимается; 11; 0,32%
ко; 11; 0,32%
мной; 11; 0,32%
своей; 11; 0,32%
теннис; 11; 0,32%
прощайте; 11; 0,32%
пытается; 10; 0,29%
повторяется; 10; 0,29%
спрашиваю; 10; 0,29%
тобой; 10; 0,29%
тут; 10; 0,29%
внутрь; 10; 0,29%
затем; 10; 0,29%
внезапно; 10; 0,29%
кулисе; 10; 0,29%
дай; 10; 0,29%
назад; 10; 0,29%
чуть; 10; 0,29%
встать; 10; 0,29%
свинья; 10; 0,29%
хочу; 10; 0,29%
короче; 10; 0,29%
можешь; 9; 0,26%
раньше; 9; 0,26%
ищет; 9; 0,26%
пусть; 9; 0,26%
ноги; 9; 0,26%
была; 9; 0,26%
разве; 9; 0,26%
помнишь; 9; 0,26%
вместе; 9; 0,26%
говорят; 9; 0,26%
должен; 9; 0,26%
понимаю; 9; 0,26%
видишь; 9; 0,26%
этим; 9; 0,26%
сегодня; 9; 0,26%
ходит; 9; 0,26%
морковку; 9; 0,26%
бежит; 9; 0,26%
кнутом; 9; 0,26%
небо; 9; 0,26%
самое; 9; 0,26%
этот; 9; 0,26%
долгое; 9; 0,26%
головой; 9; 0,26%
идем; 9; 0,26%
посмотри; 9; 0,26%
помощь; 9; 0,26%
во; 8; 0,23%
вечер; 8; 0,23%
двумя; 8; 0,23%
останавливаясь; 8; 0,23%
думаешь; 8; 0,23%
можно; 8; 0,23%
думаю; 8; 0,23%
больно; 8; 0,23%
снимает; 8; 0,23%
человек; 8; 0,23%
одно; 8; 0,23%
впрочем; 8; 0,23%
уж; 8; 0,23%
им; 8; 0,23%
говорит; 8; 0,23%
вдаль; 8; 0,23%
место; 8; 0,23%
уверен; 8; 0,23%
после; 8; 0,23%
садится; 8; 0,23%
спокойно; 8; 0,23%
куда; 8; 0,23%
господин; 8; 0,23%
голосом; 8; 0,23%
сколько; 8; 0,23%
несмотря; 8; 0,23%
случилось; 8; 0,23%
говорить; 8; 0,23%
деле; 8; 0,23%
ходить; 8; 0,23%
быстро; 8; 0,23%
продолжаю; 8; 0,23%
шатается; 8; 0,23%
подняться; 8; 0,23%
сцена; 7; 0,21%
думал; 7; 0,21%
поздно; 7; 0,21%
всегда; 7; 0,21%
кого; 7; 0,21%
сторону; 7; 0,21%
вид; 7; 0,21%
карманах; 7; 0,21%
земле; 7; 0,21%
точно; 7; 0,21%
хотел; 7; 0,21%
шаг; 7; 0,21%
рассматривает; 7; 0,21%
прежде; 7; 0,21%
мог; 7; 0,21%
слушают; 7; 0,21%
спасибо; 7; 0,21%
помню; 7; 0,21%
дальше; 7; 0,21%
пальто; 7; 0,21%
кулисы; 7; 0,21%
конец; 7; 0,21%
бросает; 7; 0,21%
громче; 7; 0,21%
верeвку; 7; 0,21%
значит; 7; 0,21%
этому; 7; 0,21%
уйти; 7; 0,21%
спит; 7; 0,21%
думай; 7; 0,21%
места; 7; 0,21%
туда-сюда; 7; 0,21%
самом; 7; 0,21%
поправляет; 7; 0,21%
прекрасный; 7; 0,21%
брюки; 7; 0,21%
тяжело; 6; 0,18%
входит; 6; 0,18%
поделаешь; 6; 0,18%
всю; 6; 0,18%
те; 6; 0,18%
стороны; 6; 0,18%
помоги; 6; 0,18%
каждый; 6; 0,18%
показывая; 6; 0,18%
нельзя; 6; 0,18%
помочь; 6; 0,18%
иногда; 6; 0,18%
слово; 6; 0,18%
покажи; 6; 0,18%
надеть; 6; 0,18%
ногой; 6; 0,18%
некоторое; 6; 0,18%
два; 6; 0,18%
все-таки; 6; 0,18%
ведь; 6; 0,18%
встает; 6; 0,18%
левой; 6; 0,18%
возвращается; 6; 0,18%
сцены; 6; 0,18%
другие; 6; 0,18%
под; 6; 0,18%
вокруг; 6; 0,18%
резко; 6; 0,18%
мои; 6; 0,18%
движения; 6; 0,18%
несколько; 6; 0,18%
попробовать; 6; 0,18%
сначала; 6; 0,18%
злостью; 6; 0,18%
поднимая; 6; 0,18%
другу; 6; 0,18%
стоит; 6; 0,18%
копается; 6; 0,18%
подожди; 6; 0,18%
мой; 6; 0,18%
тем; 6; 0,18%
достаточно; 6; 0,18%
из-за; 6; 0,18%
мгновение; 6; 0,18%
сразу; 6; 0,18%
часы; 6; 0,18%
долго; 6; 0,18%
спросить; 6; 0,18%
показывает; 6; 0,18%
времени; 6; 0,18%
господа; 6; 0,18%
избавиться; 6; 0,18%
сделать; 6; 0,18%
платок; 6; 0,18%
собой; 6; 0,18%
бьет; 6; 0,18%
идти; 6; 0,18%
час; 6; 0,18%
дал; 6; 0,18%
сожалению; 6; 0,18%
доволен; 6; 0,18%
довольны; 6; 0,18%
другую; 6; 0,18%
баю-бай; 6; 0,18%
слепой; 6; 0,18%
эту; 5; 0,15%
снять; 5; 0,15%
жизнь; 5; 0,15%
уходит; 5; 0,15%
кем; 5; 0,15%
одного; 5; 0,15%
человека; 5; 0,15%
свой; 5; 0,15%
подумать; 5; 0,15%
скоро; 5; 0,15%
шарит; 5; 0,15%
рукой; 5; 0,15%
нечего; 5; 0,15%
попробуй; 5; 0,15%
весь; 5; 0,15%
ней; 5; 0,15%
воздухе; 5; 0,15%
лицо; 5; 0,15%
лишь; 5; 0,15%
таким; 5; 0,15%
другом; 5; 0,15%
держа; 5; 0,15%
около; 5; 0,15%
похоже; 5; 0,15%
скорее; 5; 0,15%
поворачиваясь; 5; 0,15%
нервно; 5; 0,15%
тишина; 5; 0,15%
спал; 5; 0,15%
про; 5; 0,15%
нему; 5; 0,15%
подумал; 5; 0,15%
связаны; 5; 0,15%
даeт; 5; 0,15%
дает; 5; 0,15%
вопрос; 5; 0,15%
всех; 5; 0,15%
звать; 5; 0,15%
совсем; 5; 0,15%
подбирает; 5; 0,15%
карман; 5; 0,15%
ждут; 5; 0,15%
веревки; 5; 0,15%
выходит; 5; 0,15%
стой; 5; 0,15%
друзья; 5; 0,15%
часов; 5; 0,15%
выпрямляется; 5; 0,15%
вами; 5; 0,15%
вынимает; 5; 0,15%
ними; 5; 0,15%
нужны; 5; 0,15%
опускает; 5; 0,15%
будешь; 5; 0,15%
какой; 5; 0,15%
постепенно; 5; 0,15%
лет; 5; 0,15%
сесть; 5; 0,15%
знаете; 5; 0,15%
своe; 5; 0,15%
плохо; 5; 0,15%
иди; 5; 0,15%
пульверизатор; 5; 0,15%
подойди; 5; 0,15%
ладно; 5; 0,15%
буду; 5; 0,15%
вместо; 5; 0,15%
взял; 5; 0,15%
такого; 5; 0,15%
более; 5; 0,15%
ужасно; 5; 0,15%
сам; 5; 0,15%
кончено; 5; 0,15%
шляпа; 5; 0,15%
сперва; 5; 0,15%
кстати; 5; 0,15%
устал; 5; 0,15%
шляпы; 5; 0,15%
копошится; 5; 0,15%
быстрей; 5; 0,15%
оба; 5; 0,15%
вдруг; 5; 0,15%
тянет; 5; 0,15%
солнце; 5; 0,15%
надпись; 5; 0,15%
написал; 5; 0,15%
кое-что; 5; 0,15%
твои; 5; 0,15%
скажешь; 5; 0,15%
моей; 4; 0,12%
нем; 4; 0,12%
дорога; 4; 0,12%
приближается; 4; 0,12%
будь; 4; 0,12%
рад; 4; 0,12%
побили; 4; 0,12%
просто; 4; 0,12%
спрашивает; 4; 0,12%
трясет; 4; 0,12%
такое; 4; 0,12%
неe; 4; 0,12%
опять; 4; 0,12%
находит; 4; 0,12%
спасен; 4; 0,12%
застывает; 4; 0,12%
исчезает; 4; 0,12%
море; 4; 0,12%
туда; 4; 0,12%
видно; 4; 0,12%
вспомнил; 4; 0,12%
эта; 4; 0,12%
послушай; 4; 0,12%
люди; 4; 0,12%
хромая; 4; 0,12%
плачет; 4; 0,12%
делали; 4; 0,12%
невозможно; 4; 0,12%
приходил; 4; 0,12%
говоришь; 4; 0,12%
расстаться; 4; 0,12%
спокойствие; 4; 0,12%
сцену; 4; 0,12%
плечо; 4; 0,12%
ветка; 4; 0,12%
почти; 4; 0,12%
вот-вот; 4; 0,12%
нормально; 4; 0,12%
роль; 4; 0,12%
прав; 4; 0,12%
кроме; 4; 0,12%
слышу; 4; 0,12%
слышал; 4; 0,12%
репки; 4; 0,12%
головы; 4; 0,12%
роняет; 4; 0,12%
при; 4; 0,12%
руке; 4; 0,12%
идут; 4; 0,12%
веревка; 4; 0,12%
между; 4; 0,12%
тихо; 4; 0,12%
делая; 4; 0,12%
да-да; 4; 0,12%
вижу; 4; 0,12%
знаем; 4; 0,12%
показалось; 4; 0,12%
говорили; 4; 0,12%
слышно; 4; 0,12%
кладет; 4; 0,12%
кусок; 4; 0,12%
медленно; 4; 0,12%
стоя; 4; 0,12%
откуда; 4; 0,12%
покое; 4; 0,12%
замечает; 4; 0,12%
давайте; 4; 0,12%
первый; 4; 0,12%
виду; 4; 0,12%
садиться; 4; 0,12%
хуже; 4; 0,12%
разглядывает; 4; 0,12%
смотря; 4; 0,12%
трое; 4; 0,12%
счастлив; 4; 0,12%
людей; 4; 0,12%
тревожно; 4; 0,12%
рядом; 4; 0,12%
одновременно; 4; 0,12%
оставил; 4; 0,12%
штанину; 4; 0,12%
кто-то; 4; 0,12%
сидел; 4; 0,12%
ума; 4; 0,12%
потерял; 4; 0,12%
громко; 4; 0,12%
должны; 4; 0,12%
поможет; 4; 0,12%
голос; 4; 0,12%
момент; 4; 0,12%
происходит; 4; 0,12%
которые; 4; 0,12%
вернуться; 4; 0,12%
подождите; 4; 0,12%
никто; 4; 0,12%
скажите; 4; 0,12%
отходят; 4; 0,12%
неоконченных; 4; 0,12%
дебиляра; 4; 0,12%
параллельно; 4; 0,12%
земля; 4; 0,12%
камни; 4; 0,12%
ногами; 4; 0,12%
получается; 4; 0,12%
кнута; 4; 0,12%
эти; 4; 0,12%
пришeл; 4; 0,12%
говори; 4; 0,12%
другого; 4; 0,12%
каких; 4; 0,12%
пор; 4; 0,12%
забыл; 4; 0,12%
нами; 4; 0,12%
закопал; 4; 0,12%
деревом; 4; 0,12%
произошло; 4; 0,12%
правильно; 4; 0,12%
узнаешь; 4; 0,12%
убить; 4; 0,12%
листьев; 4; 0,12%
начать; 4; 0,12%
разумеется; 4; 0,12%
начале; 4; 0,12%
редиску; 4; 0,12%
торопливо; 4; 0,12%
сделаем; 4; 0,12%
сжальтесь; 4; 0,12%
хорошее; 4; 0,12%
мере; 3; 0,09%
внимание; 3; 0,09%
x; 3; 0,09%
этой; 3; 0,09%
ушел; 3; 0,09%
навсегда; 3; 0,09%
холодно; 3; 0,09%
узнать; 3; 0,09%
стал; 3; 0,09%
решительно; 3; 0,09%
сомневаться; 3; 0,09%
снимают; 3; 0,09%
свете; 3; 0,09%
пальцем; 3; 0,09%
мечтательно; 3; 0,09%
конце; 3; 0,09%
концов; 3; 0,09%
чувствую; 3; 0,09%
странно; 3; 0,09%
надоедать; 3; 0,09%
чтоб; 3; 0,09%
длится; 3; 0,09%
них; 3; 0,09%
надеюсь; 3; 0,09%
слушаю; 3; 0,09%
факты; 3; 0,09%
образом; 3; 0,09%
потому; 3; 0,09%
обоих; 3; 0,09%
другим; 3; 0,09%
трудом; 3; 0,09%
глазами; 3; 0,09%
правой; 3; 0,09%
следит; 3; 0,09%
глядя; 3; 0,09%
обязательно; 3; 0,09%
оглядываясь; 3; 0,09%
какую; 3; 0,09%
слабо; 3; 0,09%
внимательно; 3; 0,09%
засыпает; 3; 0,09%
эстрагоном; 3; 0,09%
просыпается; 3; 0,09%
снилось; 3; 0,09%
кому; 3; 0,09%
далеко; 3; 0,09%
добрые; 3; 0,09%
спокойные; 3; 0,09%
расскажи; 3; 0,09%
проходит; 3; 0,09%
шагов; 3; 0,09%
отвечает; 3; 0,09%
воняет; 3; 0,09%
ожидая; 3; 0,09%
всем; 3; 0,09%
меньше; 3; 0,09%
объясню; 3; 0,09%
скажет; 3; 0,09%
ответил; 3; 0,09%
друзьями; 3; 0,09%
смеeтся; 3; 0,09%
двигаются; 3; 0,09%
грудь; 3; 0,09%
зачем; 3; 0,09%
вытаскивает; 3; 0,09%
репку; 3; 0,09%
морковка; 3; 0,09%
продолжает; 3; 0,09%
застывают; 3; 0,09%
бросаются; 3; 0,09%
бросается; 3; 0,09%
появляется; 3; 0,09%
смог; 3; 0,09%
несет; 3; 0,09%
быстрее; 3; 0,09%
удар; 3; 0,09%
звук; 3; 0,09%
осторожно; 3; 0,09%
вспомнить; 3; 0,09%
бодзо; 3; 0,09%
однако; 3; 0,09%
одевает; 3; 0,09%
такой; 3; 0,09%
э-э-э; 3; 0,09%
встретил; 3; 0,09%
позор; 3; 0,09%
собирает; 3; 0,09%
кругом; 3; 0,09%
ближе; 3; 0,09%
видите; 3; 0,09%
одной; 3; 0,09%
наклоняется; 3; 0,09%
толкает; 3; 0,09%
бутылку; 3; 0,09%
ваше; 3; 0,09%
понемногу; 3; 0,09%
оседает; 3; 0,09%
ж; 3; 0,09%
смотри; 3; 0,09%
спроси; 3; 0,09%
зажигает; 3; 0,09%
спичку; 3; 0,09%
абсолютно; 3; 0,09%
спросите; 3; 0,09%
простите; 3; 0,09%
щелкает; 3; 0,09%
отвечай; 3; 0,09%
грызть; 3; 0,09%
шестьдесят; 3; 0,09%
слабый; 3; 0,09%
подносит; 3; 0,09%
заставляет; 3; 0,09%
неважно; 3; 0,09%
уйдeм; 3; 0,09%
вторая; 3; 0,09%
изо; 3; 0,09%
рта; 3; 0,09%
моe; 3; 0,09%
года; 3; 0,09%
будущее; 3; 0,09%
дать; 3; 0,09%
взгляд; 3; 0,09%
великолепно; 3; 0,09%
люблю; 3; 0,09%
изображает; 3; 0,09%
понял; 3; 0,09%
попробуем; 3; 0,09%
будто; 3; 0,09%
мало; 3; 0,09%
случай; 3; 0,09%
собирается; 3; 0,09%
любит; 3; 0,09%
смотрите; 3; 0,09%
совершенно; 3; 0,09%
видели; 3; 0,09%
дерьмо; 3; 0,09%
становиться; 3; 0,09%
суть; 3; 0,09%
небу; 3; 0,09%
делал; 3; 0,09%
никого; 3; 0,09%
прошу; 3; 0,09%
можете; 3; 0,09%
разочарованно; 3; 0,09%
ушeл; 3; 0,09%
успокаивается; 3; 0,09%
назначена; 3; 0,09%
встреча; 3; 0,09%
ночи; 3; 0,09%
нет-нет; 3; 0,09%
своим; 3; 0,09%
рук; 3; 0,09%
необычного; 3; 0,09%
дня; 3; 0,09%
тоном; 3; 0,09%
всего; 3; 0,09%
ждешь; 3; 0,09%
прошло; 3; 0,09%
замолчи; 3; 0,09%
моя; 3; 0,09%
танцевал; 3; 0,09%
сложно; 3; 0,09%
слышишь; 3; 0,09%
отказывается; 3; 0,09%
поставил; 3; 0,09%
танцевать; 3; 0,09%
дам; 3; 0,09%
подальше; 3; 0,09%
божьей; 3; 0,09%
забегать; 3; 0,09%
результате; 3; 0,09%
трудов; 3; 0,09%
дуранда; 3; 0,09%
исходя; 3; 0,09%
ясно; 3; 0,09%
говоря; 3; 0,09%
спорт; 3; 0,09%
авиаспорт; 3; 0,09%
нормандии; 3; 0,09%
воздух; 3; 0,09%
юдолью; 3; 0,09%
камней; 3; 0,09%
следующий; 3; 0,09%
дуранд; 3; 0,09%
замолкает; 3; 0,09%
принимает; 3; 0,09%
кулисой; 3; 0,09%
щелчок; 3; 0,09%
изменились; 3; 0,09%
ай; 3; 0,09%
опасливо; 3; 0,09%
господина; 3; 0,09%
оставь; 3; 0,09%
отстань; 3; 0,09%
подходя; 3; 0,09%
мальчику; 3; 0,09%
бьeт; 3; 0,09%
свет; 3; 0,09%
луна; 3; 0,09%
рампы; 3; 0,09%
башмаками; 3; 0,09%
останавливаются; 3; 0,09%
жить; 3; 0,09%
важно; 3; 0,09%
петь; 3; 0,09%
попа; 3; 0,09%
неподвижно; 3; 0,09%
когда-нибудь; 3; 0,09%
десять; 3; 0,09%
течет; 3; 0,09%
бил; 3; 0,09%
своими; 3; 0,09%
воклюз; 3; 0,09%
воклюзе; 3; 0,09%
заметил; 3; 0,09%
недостаточно; 3; 0,09%
обычно; 3; 0,09%
пришел; 3; 0,09%
поиграть; 3; 0,09%
видит; 3; 0,09%
через; 3; 0,09%
зовет; 3; 0,09%
пятака; 3; 0,09%
каин; 3; 0,09%
помогли; 3; 0,09%
бросить; 3; 0,09%
немой; 3; 0,09%
подними; 3; 0,09%
работы; 2; 0,06%
которая; 2; 0,06%
перевода; 2; 0,06%
дыша; 2; 0,06%
принимается; 2; 0,06%
ногах; 2; 0,06%
широко; 2; 0,06%
мысли; 2; 0,06%
вернулся; 2; 0,06%
встречу; 2; 0,06%
обниму; 2; 0,06%
раздраженно; 2; 0,06%
провел; 2; 0,06%
овраге; 2; 0,06%
задетый; 2; 0,06%
живое; 2; 0,06%
делаешь; 2; 0,06%
сто; 2; 0,06%
слушать; 2; 0,06%
жалобно; 2; 0,06%
хотелось; 2; 0,06%
видеть; 2; 0,06%
причина; 2; 0,06%
хлопает; 2; 0,06%
заглядывает; 2; 0,06%
усилием; 2; 0,06%
переворачивает; 2; 0,06%
засовывает; 2; 0,06%
обувь; 2; 0,06%
пальцами; 2; 0,06%
разбойников; 2; 0,06%
могли; 2; 0,06%
родились; 2; 0,06%
смехом; 2; 0,06%
обрывает; 2; 0,06%
приложив; 2; 0,06%
библию; 2; 0,06%
когда-то; 2; 0,06%
бога; 2; 0,06%
земли; 2; 0,06%
чувствовал; 2; 0,06%
поедем; 2; 0,06%
месяц; 2; 0,06%
твоя; 2; 0,06%
нога; 2; 0,06%
расскажу; 2; 0,06%
разбойника; 2; 0,06%
спасителем; 2; 0,06%
слову; 2; 0,06%
ада; 2; 0,06%
вышло; 2; 0,06%
четырeх; 2; 0,06%
четверо; 2; 0,06%
недалеко; 2; 0,06%
спасенном; 2; 0,06%
разбойнике; 2; 0,06%
хоть; 2; 0,06%
двое; 2; 0,06%
обругали; 2; 0,06%
захотел; 2; 0,06%
смерти; 2; 0,06%
согласны; 2; 0,06%
козырьком; 2; 0,06%
подобрать; 2; 0,06%
отбрасывает; 2; 0,06%
тьфу; 2; 0,06%
плюeт; 2; 0,06%
глубь; 2; 0,06%
рампе; 2; 0,06%
ждeм; 2; 0,06%
дерева; 2; 0,06%
куст; 2; 0,06%
местом; 2; 0,06%
вернемся; 2; 0,06%
честное; 2; 0,06%
публике; 2; 0,06%
субботу; 2; 0,06%
где-то; 2; 0,06%
своем; 2; 0,06%
ужасном; 2; 0,06%
даешь; 2; 0,06%
поспать; 2; 0,06%
одиноко; 2; 0,06%
приснился; 2; 0,06%
сон; 2; 0,06%
рассказывай; 2; 0,06%
будут; 2; 0,06%
вся; 2; 0,06%
загвоздка; 2; 0,06%
нежно; 2; 0,06%
хозяйка; 2; 0,06%
продолжай; 2; 0,06%
края; 2; 0,06%
прости; 2; 0,06%
обнимаются; 2; 0,06%
встанет; 2; 0,06%
знал; 2; 0,06%
повесимся; 2; 0,06%
дереву; 2; 0,06%
разглядывают; 2; 0,06%
какой-то; 2; 0,06%
сломаться; 2; 0,06%
мертвый; 2; 0,06%
тяжeлый; 2; 0,06%
двух; 2; 0,06%
подождем; 2; 0,06%
интересно; 2; 0,06%
чему; 2; 0,06%
внимания; 2; 0,06%
пожалуй; 2; 0,06%
решить; 2; 0,06%
нравится; 2; 0,06%
голова; 2; 0,06%
теряет; 2; 0,06%
равновесие; 2; 0,06%
хватается; 2; 0,06%
поклясться; 2; 0,06%
тепло; 2; 0,06%
полным; 2; 0,06%
дорогой; 2; 0,06%
вытирает; 2; 0,06%
рукав; 2; 0,06%
отдай; 2; 0,06%
ешь; 2; 0,06%
жует; 2; 0,06%
сторон; 2; 0,06%
человеком; 2; 0,06%
идея; 2; 0,06%
жизни; 2; 0,06%
наоборот; 2; 0,06%
считаешь; 2; 0,06%
вон; 2; 0,06%
останешься; 2; 0,06%
выше; 2; 0,06%
главное; 2; 0,06%
крик; 2; 0,06%
пряча; 2; 0,06%
плечи; 2; 0,06%
входят; 2; 0,06%
помощи; 2; 0,06%
увидев; 2; 0,06%
натягивается; 2; 0,06%
падения; 2; 0,06%
упал; 2; 0,06%
всеми; 2; 0,06%
позвольте; 2; 0,06%
имя; 2; 0,06%
припоминаю; 2; 0,06%
очки; 2; 0,06%
сорта; 2; 0,06%
приняли; 2; 0,06%
узнал; 2; 0,06%
ожидание; 2; 0,06%
слушайте; 2; 0,06%
плохого; 2; 0,06%
мразь; 2; 0,06%
течение; 2; 0,06%
считает; 2; 0,06%
живой; 2; 0,06%
души; 2; 0,06%
держи; 2; 0,06%
осматривает; 2; 0,06%
вырывает; 2; 0,06%
общества; 2; 0,06%
подобных; 2; 0,06%
ненадолго; 2; 0,06%
смотри-ка; 2; 0,06%
встань; 2; 0,06%
находишь; 2; 0,06%
идиот; 2; 0,06%
рискуем; 2; 0,06%
неуверенно; 2; 0,06%
рот; 2; 0,06%
набивать; 2; 0,06%
состояние; 2; 0,06%
работа; 2; 0,06%
приятель; 2; 0,06%
будете; 2; 0,06%
возмущенно; 2; 0,06%
костям; 2; 0,06%
реагирует; 2; 0,06%
нечто; 2; 0,06%
человеческим; 2; 0,06%
ударяя; 2; 0,06%
покидаю; 2; 0,06%
сердце; 2; 0,06%
вздыхает; 2; 0,06%
встал; 2; 0,06%
показаться; 2; 0,06%
сижу; 2; 0,06%
уходите; 2; 0,06%
много; 2; 0,06%
пошeл; 2; 0,06%
выносить; 2; 0,06%
безусловно; 2; 0,06%
допустим; 2; 0,06%
годе; 2; 0,06%
ком; 2; 0,06%
которой; 2; 0,06%
зависит; 2; 0,06%
узнали; 2; 0,06%
станем; 2; 0,06%
счастье; 2; 0,06%
знает; 2; 0,06%
вопросы; 2; 0,06%
крутиться; 2; 0,06%
слушает; 2; 0,06%
именно; 2; 0,06%
опрыскивает; 2; 0,06%
горло; 2; 0,06%
откашливается; 2; 0,06%
готов; 2; 0,06%
спокойнее; 2; 0,06%
взглядом; 2; 0,06%
держать; 2; 0,06%
поставить; 2; 0,06%
имеет; 2; 0,06%
логично; 2; 0,06%
скажу; 2; 0,06%
воображает; 2; 0,06%
хорошим; 2; 0,06%
носильщиком; 2; 0,06%
носит; 2; 0,06%
своeм; 2; 0,06%
ваш; 2; 0,06%
манипуляции; 2; 0,06%
пульверизатором; 2; 0,06%
каждому; 2; 0,06%
рынок; 2; 0,06%
святого; 2; 0,06%
спаса; 2; 0,06%
плакать; 2; 0,06%
силой; 2; 0,06%
бегает; 2; 0,06%
боли; 2; 0,06%
негодяй; 2; 0,06%
скотина; 2; 0,06%
хороший; 2; 0,06%
знак; 2; 0,06%
нашей; 2; 0,06%
пройтись; 2; 0,06%
поднятия; 2; 0,06%
занавеса; 2; 0,06%
всему; 2; 0,06%
чувства; 2; 0,06%
вещей; 2; 0,06%
кнука; 2; 0,06%
неба; 2; 0,06%
гордо; 2; 0,06%
здешние; 2; 0,06%
стонет; 2; 0,06%
понимаете; 2; 0,06%
страдать; 2; 0,06%
заменить; 2; 0,06%
вроде; 2; 0,06%
начинается; 2; 0,06%
цирке; 2; 0,06%
направляется; 2; 0,06%
налево; 2; 0,06%
вставая; 2; 0,06%
жаль; 2; 0,06%
сами; 2; 0,06%
ждал; 2; 0,06%
попросите; 2; 0,06%
пожалуйста; 2; 0,06%
стоять; 2; 0,06%
думайте; 2; 0,06%
довольный; 2; 0,06%
сумерки; 2; 0,06%
рассматривают; 2; 0,06%
хочется; 2; 0,06%
щeлкает; 2; 0,06%
вздрагивает; 2; 0,06%
падают; 2; 0,06%
никуда; 2; 0,06%
которого; 2; 0,06%
смотреть; 2; 0,06%
опускают; 2; 0,06%
этих; 2; 0,06%
хорошую; 2; 0,06%
тон; 2; 0,06%
бледнеет; 2; 0,06%
движение; 2; 0,06%
поняв; 2; 0,06%
хорош; 2; 0,06%
чувством; 2; 0,06%
чуть-чуть; 2; 0,06%
нарочно; 2; 0,06%
память; 2; 0,06%
вели; 2; 0,06%
пятак; 2; 0,06%
радость; 2; 0,06%
сeм; 2; 0,06%
понятно; 2; 0,06%
такова; 2; 0,06%
натура; 2; 0,06%
нагибается; 2; 0,06%
пел; 2; 0,06%
рассказывал; 2; 0,06%
наизусть; 2; 0,06%
проще; 2; 0,06%
танцует; 2; 0,06%
танцуй; 2; 0,06%
повторяет; 2; 0,06%
имитирует; 2; 0,06%
сетях; 2; 0,06%
умирающим; 2; 0,06%
громовым; 2; 0,06%
помогите; 2; 0,06%
лбу; 2; 0,06%
торжествующе; 2; 0,06%
нетерпеливо; 2; 0,06%
тому; 2; 0,06%
приходит; 2; 0,06%
дайте; 2; 0,06%
штампа; 2; 0,06%
ватмана; 2; 0,06%
пламя; 2; 0,06%
сведению; 2; 0,06%
спокойным; 2; 0,06%
брессе; 2; 0,06%
начинают; 2; 0,06%
доказано; 2; 0,06%
казанно; 2; 0,06%
испускает; 2; 0,06%
стоны; 2; 0,06%
льду; 2; 0,06%
сене; 2; 0,06%
выявляется; 2; 0,06%
кричит; 2; 0,06%
слова; 2; 0,06%
лютые; 2; 0,06%
холода; 2; 0,06%
борода; 2; 0,06%
незаконченные; 2; 0,06%
криков; 2; 0,06%
поднимите; 2; 0,06%
ставят; 2; 0,06%
поддерживают; 2; 0,06%
поддержать; 2; 0,06%
отпускайте; 2; 0,06%
держите; 2; 0,06%
вкладывает; 2; 0,06%
ручку; 2; 0,06%
чемодана; 2; 0,06%
корзиной; 2; 0,06%
отпустить; 2; 0,06%
порядке; 2; 0,06%
пожелать; 2; 0,06%
луковица; 2; 0,06%
владимиром; 2; 0,06%
посмотрите; 2; 0,06%
над; 2; 0,06%
должно; 2; 0,06%
склонившись; 2; 0,06%
пахнет; 2; 0,06%
ту; 2; 0,06%
конца; 2; 0,06%
трогается; 2; 0,06%
доказательство; 2; 0,06%
альберт; 2; 0,06%
поди; 2; 0,06%
повелительно; 2; 0,06%
отходя; 2; 0,06%
виноват; 2; 0,06%
боялся; 2; 0,06%
хватает; 2; 0,06%
мальчика; 2; 0,06%
отпускает; 2; 0,06%
лицу; 2; 0,06%
брат; 2; 0,06%
кормит; 2; 0,06%
вполне; 2; 0,06%
господину; 2; 0,06%
убегает; 2; 0,06%
глубине; 2; 0,06%
луну; 2; 0,06%
иисус; 2; 0,06%
сопротивляется; 2; 0,06%
известно; 2; 0,06%
идeм; 2; 0,06%
занавес; 2; 0,06%
носки; 2; 0,06%
принюхивается; 2; 0,06%
низко; 2; 0,06%
собака; 2; 0,06%
любил; 2; 0,06%
съела; 2; 0,06%
мяса; 2; 0,06%
убил; 2; 0,06%
тише; 2; 0,06%
трогай; 2; 0,06%
били; 2; 0,06%
объятья; 2; 0,06%
спине; 2; 0,06%
недавно; 2; 0,06%
грустно; 2; 0,06%
понимаешь; 2; 0,06%
изменилось; 2; 0,06%
вчерашнего; 2; 0,06%
увидим; 2; 0,06%
повеситься; 2; 0,06%
приснилось; 2; 0,06%
забываю; 2; 0,06%
второго; 2; 0,06%
утверждать; 2; 0,06%
прожил; 2; 0,06%
дышит; 2; 0,06%
какого; 2; 0,06%
других; 2; 0,06%
молчать; 2; 0,06%
бормочут; 2; 0,06%
начнем; 2; 0,06%
мешает; 2; 0,06%
повезло; 2; 0,06%
груда; 2; 0,06%
трупов; 2; 0,06%
неплохо; 2; 0,06%
листьями; 2; 0,06%
одну; 2; 0,06%
обувке; 2; 0,06%
которую; 2; 0,06%
закатай; 2; 0,06%
ноге; 2; 0,06%
выбросил; 2; 0,06%
желтые; 2; 0,06%
черная; 2; 0,06%
белую; 2; 0,06%
пойду; 2; 0,06%
удовольствия; 2; 0,06%
оставить; 2; 0,06%
большие; 2; 0,06%
заснуть; 2; 0,06%
пиджак; 2; 0,06%
согреться; 2; 0,06%
успокоиться; 2; 0,06%
пришли; 2; 0,06%
рано; 2; 0,06%
настанет; 2; 0,06%
сможем; 2; 0,06%
яростью; 2; 0,06%
кончил; 2; 0,06%
увидишь; 2; 0,06%
хорошая; 2; 0,06%
возвращает; 2; 0,06%
тяжестью; 2; 0,06%
начинай; 2; 0,06%
прикажи; 2; 0,06%
козел; 2; 0,06%
проклят; 2; 0,06%
дошел; 2; 0,06%
пригорка; 2; 0,06%
спасены; 2; 0,06%
вырывается; 2; 0,06%
вернись; 2; 0,06%
оборачивается; 2; 0,06%
испуганный; 2; 0,06%
двигайся; 2; 0,06%
упрямься; 2; 0,06%
закончи; 2; 0,06%
несчастный; 2; 0,06%
наши; 2; 0,06%
релаксацию; 2; 0,06%
прыгает; 2; 0,06%
сильнее; 2; 0,06%
кулаками; 2; 0,06%
сжалься; 2; 0,06%
одни; 2; 0,06%
уйдем; 2; 0,06%
отсюда; 2; 0,06%
представляется; 2; 0,06%
кому-то; 2; 0,06%
нашему; 2; 0,06%
положению; 2; 0,06%
делаем; 2; 0,06%
скучаем; 2; 0,06%
развлечение; 2; 0,06%
поднять; 2; 0,06%
скорей; 2; 0,06%
встану; 2; 0,06%
вставай; 2; 0,06%
крича; 2; 0,06%
имена; 2; 0,06%
занятно; 2; 0,06%
абель; 2; 0,06%
зрение; 2; 0,06%
разбойники; 2; 0,06%
проснулся; 2; 0,06%
слепым; 2; 0,06%
сплю; 2; 0,06%
ла; 2; 0,06%
планше; 2; 0,06%
упали; 2; 0,06%
кого-то; 2; 0,06%
встречал; 2; 0,06%
спел; 2; 0,06%
верхом; 2; 0,06%
могиле; 2; 0,06%
седая; 2; 0,06%
тянуть; 2; 0,06%
сэмюел; 1; 0,03%
бекетт; 1; 0,03%
ожидании; 1; 0,03%
примечание; 1; 0,03%
переводчика; 1; 0,03%
французской; 1; 0,03%
труппой; 1; 0,03%
представляла; 1; 0,03%
пьесу; 1; 0,03%
выяснилось; 1; 0,03%
единственный; 1; 0,03%
вариант; 1; 0,03%
некогда; 1; 0,03%
опубликованный; 1; 0,03%
журнале; 1; 0,03%
иностранная; 1; 0,03%
литература; 1; 0,03%
подходил; 1; 0,03%
подстрочногосинхронного; 1; 0,03%
значительной; 1; 0,03%
утерян; 1; 0,03%
ритм; 1; 0,03%
оригинального; 1; 0,03%
текста; 1; 0,03%
новом; 1; 0,03%
переводе; 1; 0,03%
особое; 1; 0,03%
уделено; 1; 0,03%
синхронизации; 1; 0,03%
длительности; 1; 0,03%
фраз; 1; 0,03%
оригинальным; 1; 0,03%
вариантом; 1; 0,03%
максимальному; 1; 0,03%
соответствию; 1; 0,03%
интонации; 1; 0,03%
проселочная; 1; 0,03%
обочине; 1; 0,03%
сидя; 1; 0,03%
камне; 1; 0,03%
стягивает; 1; 0,03%
пыхтя; 1; 0,03%
устав; 1; 0,03%
отдыхает; 1; 0,03%
мелкими; 1; 0,03%
шажками; 1; 0,03%
негнущихся; 1; 0,03%
расставляя; 1; 0,03%
начинаю; 1; 0,03%
сопротивлялся; 1; 0,03%
умницей; 1; 0,03%
потеряно; 1; 0,03%
рвался; 1; 0,03%
бой; 1; 0,03%
вспоминая; 1; 0,03%
отпраздновать; 1; 0,03%
встань-ка; 1; 0,03%
обидевшись; 1; 0,03%
изумлении; 1; 0,03%
жеста; 1; 0,03%
давно; 1; 0,03%
мешком; 1; 0,03%
костями; 1; 0,03%
горечью; 1; 0,03%
оживленно; 1; 0,03%
отчаиваться; 1; 0,03%
году; 1; 0,03%
1900-м; 1; 0,03%
гадость; 1; 0,03%
взявшись; 1; 0,03%
бросились; 1; 0,03%
вниз; 1; 0,03%
эйфелевой; 1; 0,03%
башни; 1; 0,03%
хороши; 1; 0,03%
пустили; 1; 0,03%
наверх; 1; 0,03%
разуваюсь; 1; 0,03%
возмущением; 1; 0,03%
страдаешь; 1; 0,03%
счет; 1; 0,03%
моем; 1; 0,03%
запел; 1; 0,03%
застегивать; 1; 0,03%
ширинку; 1; 0,03%
наклоняясь; 1; 0,03%
застегивается; 1; 0,03%
распускать; 1; 0,03%
мелочах; 1; 0,03%
терпишь; 1; 0,03%
последней; 1; 0,03%
минуты; 1; 0,03%
последняя; 1; 0,03%
минута; 1; 0,03%
задумчиво; 1; 0,03%
сбудется; 1; 0,03%
успокоенным; 1; 0,03%
испуганным; 1; 0,03%
пафосом; 1; 0,03%
ис-пу-га-нным; 1; 0,03%
шляпе; 1; 0,03%
вытрясти; 1; 0,03%
невероятным; 1; 0,03%
стаскивает; 1; 0,03%
упало; 1; 0,03%
выражают; 1; 0,03%
показывать; 1; 0,03%
тщательно; 1; 0,03%
осмотрев; 1; 0,03%
проветрится; 1; 0,03%
жалуется; 1; 0,03%
виноваты; 1; 0,03%
дует; 1; 0,03%
болтает; 1; 0,03%
шевеля; 1; 0,03%
отошли; 1; 0,03%
приличный; 1; 0,03%
процентпауза; 1; 0,03%
раскаяться; 1; 0,03%
уточнять; 1; 0,03%
раздражается; 1; 0,03%
паху; 1; 0,03%
искажено; 1; 0,03%
посмеяться; 1; 0,03%
ужасное; 1; 0,03%
лишение; 1; 0,03%
улыбаться; 1; 0,03%
расплывается; 1; 0,03%
широкой; 1; 0,03%
улыбке; 1; 0,03%
раздражeнный; 1; 0,03%
читал; 1; 0,03%
размышляет; 1; 0,03%
заглядывал; 1; 0,03%
удивлeнный; 1; 0,03%
школе; 1; 0,03%
богом; 1; 0,03%
путаешь; 1; 0,03%
помнятся; 1; 0,03%
карты; 1; 0,03%
святой; 1; 0,03%
цветные; 1; 0,03%
красивые; 1; 0,03%
мeртвое; 1; 0,03%
бледно-голубым; 1; 0,03%
взглянув; 1; 0,03%
жажду; 1; 0,03%
наш; 1; 0,03%
медовый; 1; 0,03%
плавать; 1; 0,03%
счастливы; 1; 0,03%
стать; 1; 0,03%
поэтом; 1; 0,03%
лохмотья; 1; 0,03%
опухает; 1; 0,03%
история; 1; 0,03%
разбойниками; 1; 0,03%
убьет; 1; 0,03%
распяты; 1; 0,03%
второй; 1; 0,03%
противоположное; 1; 0,03%
покаран; 1; 0,03%
спасeн; 1; 0,03%
надоедаю; 1; 0,03%
евангелистов; 1; 0,03%
представляет; 1; 0,03%
поддерживать; 1; 0,03%
разговор; 1; 0,03%
трeх; 1; 0,03%
остальных; 1; 0,03%
упоминают; 1; 0,03%
третий; 1; 0,03%
спасителя; 1; 0,03%
спасти; 1; 0,03%
покарали; 1; 0,03%
верить; 1; 0,03%
верит; 1; 0,03%
версию; 1; 0,03%
знают; 1; 0,03%
дураки; 1; 0,03%
центру; 1; 0,03%
прелестное; 1; 0,03%
публики; 1; 0,03%
живописный; 1; 0,03%
пойдeм; 1; 0,03%
деревья; 1; 0,03%
иву; 1; 0,03%
листья; 1; 0,03%
засохло; 1; 0,03%
сезон; 1; 0,03%
деревце; 1; 0,03%
де; 1; 0,03%
меняется; 1; 0,03%
ошиблись; 1; 0,03%
послезавтра; 1; 0,03%
далее; 1; 0,03%
безжалостен; 1; 0,03%
ошибаешься; 1; 0,03%
разозлясь; 1; 0,03%
ставишь; 1; 0,03%
сомнение; 1; 0,03%
знакомо; 1; 0,03%
болото; 1; 0,03%
записал; 1; 0,03%
битком; 1; 0,03%
набитых; 1; 0,03%
всяческим; 1; 0,03%
мусором; 1; 0,03%
суббота; 1; 0,03%
воскресенье; 1; 0,03%
понедельник; 1; 0,03%
пятница; 1; 0,03%
дата; 1; 0,03%
написана; 1; 0,03%
четверг; 1; 0,03%
застал; 1; 0,03%
ошибаюсь; 1; 0,03%
помолчим; 1; 0,03%
линию; 1; 0,03%
горизонта; 1; 0,03%
вспомнив; 1; 0,03%
положении; 1; 0,03%
упреком; 1; 0,03%
окружающий; 1; 0,03%
мир; 1; 0,03%
нехорошо; 1; 0,03%
рассказать; 1; 0,03%
ночные; 1; 0,03%
кошмары; 1; 0,03%
твоими; 1; 0,03%
выношу; 1; 0,03%
красивая; 1; 0,03%
путники; 1; 0,03%
наслаждением; 1; 0,03%
спокойствиемечтательно; 1; 0,03%
англичане; 1; 0,03%
анекдот; 1; 0,03%
англичанина; 1; 0,03%
борделе; 1; 0,03%
англичанин; 1; 0,03%
напился; 1; 0,03%
отправился; 1; 0,03%
бордель; 1; 0,03%
блондинку; 1; 0,03%
брюнетку; 1; 0,03%
рыжую; 1; 0,03%
следует; 1; 0,03%
напоминают; 1; 0,03%
реакцию; 1; 0,03%
зрителей; 1; 0,03%
соревнованиях; 1; 0,03%
борьбе; 1; 0,03%
пересекает; 1; 0,03%
опущены; 1; 0,03%
направлению; 1; 0,03%
мягко; 1; 0,03%
обиделся; 1; 0,03%
трогает; 1; 0,03%
обними; 1; 0,03%
напрягается; 1; 0,03%
разреши; 1; 0,03%
расслабляется; 1; 0,03%
пятится; 1; 0,03%
чесноком; 1; 0,03%
полезно; 1; 0,03%
почек; 1; 0,03%
повеселиться; 1; 0,03%
заинтересованно; 1; 0,03%
вытекает; 1; 0,03%
вырастают; 1; 0,03%
мандрагоры; 1; 0,03%
кричат; 1; 0,03%
вырывают; 1; 0,03%
суку; 1; 0,03%
приближаются; 1; 0,03%
прочный; 1; 0,03%
пробуй; 1; 0,03%
весишь; 1; 0,03%
подумай; 1; 0,03%
пойми; 1; 0,03%
доверяю; 1; 0,03%
легкий; 1; 0,03%
одинокий; 1; 0,03%
подходящее; 1; 0,03%
выражение; 1; 0,03%
найдя; 1; 0,03%
большее; 1; 0,03%
меньшее; 1; 0,03%
вешу; 1; 0,03%
тяжелее; 1; 0,03%
шанс; 1; 0,03%
безопаснее; 1; 0,03%
определится; 1; 0,03%
наша; 1; 0,03%
судьба; 1; 0,03%
ковать; 1; 0,03%
железо; 1; 0,03%
горячо; 1; 0,03%
обязывает; 1; 0,03%
просили; 1; 0,03%
обратил; 1; 0,03%
особенного; 1; 0,03%
вымаливали; 1; 0,03%
выпрашивали; 1; 0,03%
посмотрит; 1; 0,03%
обещать; 1; 0,03%
свежую; 1; 0,03%
посоветоваться; 1; 0,03%
семьей; 1; 0,03%
агентами; 1; 0,03%
корреспондентами; 1; 0,03%
бухгалтерскими; 1; 0,03%
книгами; 1; 0,03%
банковскими; 1; 0,03%
счетами; 1; 0,03%
неужто; 1; 0,03%
взволнованно; 1; 0,03%
играем; 1; 0,03%
торопись; 1; 0,03%
просителей; 1; 0,03%
сударю; 1; 0,03%
прошлый; 1; 0,03%
улыбки; 1; 0,03%
рассмеялся; 1; 0,03%
потеряли; 1; 0,03%
четко; 1; 0,03%
разбазарили; 1; 0,03%
свободно; 1; 0,03%
качаются; 1; 0,03%
свешена; 1; 0,03%
подогнуты; 1; 0,03%
слушай; 1; 0,03%
застыв; 1; 0,03%
неестественных; 1; 0,03%
позах; 1; 0,03%
тсс; 1; 0,03%
качается; 1; 0,03%
прижавшись; 1; 0,03%
облегченно; 1; 0,03%
вздыхают; 1; 0,03%
расслабляются; 1; 0,03%
отстраняются; 1; 0,03%
испугал; 1; 0,03%
ба; 1; 0,03%
ветер; 1; 0,03%
камышах; 1; 0,03%
крики; 1; 0,03%
кричать; 1; 0,03%
лошадь; 1; 0,03%
спать; 1; 0,03%
сухо; 1; 0,03%
желудком; 1; 0,03%
соломе; 1; 0,03%
ожидания; 1; 0,03%
голоден; 1; 0,03%
пара; 1; 0,03%
репок; 1; 0,03%
кусает; 1; 0,03%
репа; 1; 0,03%
искать; 1; 0,03%
съел; 1; 0,03%
последнюю; 1; 0,03%
медленней; 1; 0,03%
жуя; 1; 0,03%
задал; 1; 0,03%
угу; 1; 0,03%
вкусная; 1; 0,03%
сладкая; 1; 0,03%
удовлетворенно; 1; 0,03%
кончиками; 1; 0,03%
пальцев; 1; 0,03%
нежная; 1; 0,03%
сосредоточенно; 1; 0,03%
сосeт; 1; 0,03%
откусывает; 1; 0,03%
ртом; 1; 0,03%
рассеянно; 1; 0,03%
проглатывает; 1; 0,03%
свя-за-ны; 1; 0,03%
рукам; 1; 0,03%
ногам; 1; 0,03%
твоим; 1; 0,03%
ботву; 1; 0,03%
крутит; 1; 0,03%
безвкусней; 1; 0,03%
вхожу; 1; 0,03%
вкус; 1; 0,03%
ем; 1; 0,03%
долгого; 1; 0,03%
раздумья; 1; 0,03%
темпераменте; 1; 0,03%
характере; 1; 0,03%
кожи; 1; 0,03%
лезть; 1; 0,03%
бесполезно; 1; 0,03%
прыгнешь; 1; 0,03%
изменишь; 1; 0,03%
остаток; 1; 0,03%
морковки; 1; 0,03%
докончить; 1; 0,03%
близко; 1; 0,03%
раздается; 1; 0,03%
ужасный; 1; 0,03%
полдороге; 1; 0,03%
ждущему; 1; 0,03%
отвернувшись; 1; 0,03%
обнимая; 1; 0,03%
правит; 1; 0,03%
обвязанной; 1; 0,03%
шеи; 1; 0,03%
веревке; 1; 0,03%
длинной; 1; 0,03%
дойти; 1; 0,03%
середины; 1; 0,03%
появится; 1; 0,03%
тяжелый; 1; 0,03%
складной; 1; 0,03%
продуктами; 1; 0,03%
сильно; 1; 0,03%
пожитками; 1; 0,03%
раздираемые; 1; 0,03%
желанием; 1; 0,03%
нежеланием; 1; 0,03%
вмешиваться; 1; 0,03%
касается; 1; 0,03%
удерживает; 1; 0,03%
пусти; 1; 0,03%
успокойся; 1; 0,03%
злой; 1; 0,03%
чужими; 1; 0,03%
представиться; 1; 0,03%
страшным; 1; 0,03%
вопросительно; 1; 0,03%
пппоццо; 1; 0,03%
примирительно; 1; 0,03%
знавал; 1; 0,03%
семью; 1; 0,03%
годзо; 1; 0,03%
занималась; 1; 0,03%
вышивкой; 1; 0,03%
продвигаясь; 1; 0,03%
угрожающе; 1; 0,03%
живо; 1; 0,03%
нездешние; 1; 0,03%
человеческие; 1; 0,03%
существа; 1; 0,03%
насколько; 1; 0,03%
громовой; 1; 0,03%
раскат; 1; 0,03%
смеха; 1; 0,03%
образу; 1; 0,03%
подобию; 1; 0,03%
божьему; 1; 0,03%
знакомый; 1; 0,03%
улице; 1; 0,03%
темнота; 1; 0,03%
усталость; 1; 0,03%
слабость; 1; 0,03%
признаю; 1; 0,03%
ждали; 1; 0,03%
задумывали; 1; 0,03%
намерения; 1; 0,03%
открыта; 1; 0,03%
широким; 1; 0,03%
жестом; 1; 0,03%
забудем; 1; 0,03%
задом; 1; 0,03%
приветливо; 1; 0,03%
ответ; 1; 0,03%
недоверчивый; 1; 0,03%
искренне; 1; 0,03%
долгой; 1; 0,03%
идешь; 1; 0,03%
шести; 1; 0,03%
шесть; 1; 0,03%
передышки; 1; 0,03%
встретив; 1; 0,03%
подает; 1; 0,03%
заняты; 1; 0,03%
зубы; 1; 0,03%
одевать; 1; 0,03%
помогает; 1; 0,03%
чувствуется; 1; 0,03%
холод; 1; 0,03%
застeгивает; 1; 0,03%
зубов; 1; 0,03%
обходиться; 1; 0,03%
подобны; 1; 0,03%
раскладывает; 1; 0,03%
подвигает; 1; 0,03%
упирает; 1; 0,03%
хлыста; 1; 0,03%
поэтому; 1; 0,03%
вашего; 1; 0,03%
разрешения; 1; 0,03%
останусь; 1; 0,03%
отправиться; 1; 0,03%
свежем; 1; 0,03%
мудрено; 1; 0,03%
проголодаться; 1; 0,03%
открывает; 1; 0,03%
курицы; 1; 0,03%
хлеба; 1; 0,03%
вина; 1; 0,03%
большой; 1; 0,03%
глоток; 1; 0,03%
прямо; 1; 0,03%
горлышка; 1; 0,03%
здоровье; 1; 0,03%
смелеют; 1; 0,03%
окружают; 1; 0,03%
осматривают; 1; 0,03%
аппетитом; 1; 0,03%
ест; 1; 0,03%
курицу; 1; 0,03%
обсосав; 1; 0,03%
достанет; 1; 0,03%
ритмично; 1; 0,03%
спящий; 1; 0,03%
усталый; 1; 0,03%
положит; 1; 0,03%
придвигаются; 1; 0,03%
заговорить; 1; 0,03%
шея; 1; 0,03%
крови; 1; 0,03%
протерла; 1; 0,03%
узел; 1; 0,03%
опасно; 1; 0,03%
изучают; 1; 0,03%
задерживаются; 1; 0,03%
лице; 1; 0,03%
плох; 1; 0,03%
пожимая; 1; 0,03%
плечами; 1; 0,03%
брезгливую; 1; 0,03%
гримасу; 1; 0,03%
изнежен; 1; 0,03%
пускает; 1; 0,03%
слюну; 1; 0,03%
натуги; 1; 0,03%
пена; 1; 0,03%
кретин; 1; 0,03%
вытягивая; 1; 0,03%
зоб; 1; 0,03%
задыхается; 1; 0,03%
страшного; 1; 0,03%
вылазят; 1; 0,03%
орбит; 1; 0,03%
подыхает; 1; 0,03%
оставьте; 1; 0,03%
поворачиваются; 1; 0,03%
закончил; 1; 0,03%
отворотом; 1; 0,03%
рукава; 1; 0,03%
отдохнуть; 1; 0,03%
брошенные; 1; 0,03%
куриные; 1; 0,03%
жадно; 1; 0,03%
разжечь; 1; 0,03%
очнувшись; 1; 0,03%
прежнее; 1; 0,03%
вторую; 1; 0,03%
разжигает; 1; 0,03%
затяжку; 1; 0,03%
вытягивает; 1; 0,03%
подождать; 1; 0,03%
ворочает; 1; 0,03%
лично; 1; 0,03%
принципе; 1; 0,03%
возвращаются; 1; 0,03%
носильщику; 1; 0,03%
следовательно; 1; 0,03%
бойтесь; 1; 0,03%
восторге; 1; 0,03%
ваши; 1; 0,03%
отказался; 1; 0,03%
костей; 1; 0,03%
беспокойством; 1; 0,03%
недоставало; 1; 0,03%
выкинул; 1; 0,03%
шутку; 1; 0,03%
свалился; 1; 0,03%
больной; 1; 0,03%
затягивается; 1; 0,03%
ошарашенный; 1; 0,03%
перестает; 1; 0,03%
очереди; 1; 0,03%
спокоен; 1; 0,03%
смущается; 1; 0,03%
имеете; 1; 0,03%
определенное; 1; 0,03%
упорно; 1; 0,03%
мямлит; 1; 0,03%
обращаться; 1; 0,03%
нахожу; 1; 0,03%
существом; 1; 0,03%
желая; 1; 0,03%
оставаться; 1; 0,03%
стороне; 1; 0,03%
скандал; 1; 0,03%
взыскательны; 1; 0,03%
нескромность; 1; 0,03%
семьдесят; 1; 0,03%
нескромен; 1; 0,03%
вычищает; 1; 0,03%
встаeт; 1; 0,03%
составили; 1; 0,03%
компанию; 1; 0,03%
раздумывает; 1; 0,03%
выкурить; 1; 0,03%
трубочку; 1; 0,03%
скажете; 1; 0,03%
курильщик; 1; 0,03%
моих; 1; 0,03%
привычках; 1; 0,03%
выкуривать; 1; 0,03%
две; 1; 0,03%
трубки; 1; 0,03%
сердцу; 1; 0,03%
биться; 1; 0,03%
никотин; 1; 0,03%
всасывается; 1; 0,03%
предосторожности; 1; 0,03%
курите; 1; 0,03%
детали; 1; 0,03%
безвольным; 1; 0,03%
минутку; 1; 0,03%
дергая; 1; 0,03%
переставляет; 1; 0,03%
останьтесь; 1; 0,03%
пожалеете; 1; 0,03%
чуя; 1; 0,03%
подачку; 1; 0,03%
зажeгши; 1; 0,03%
первая; 1; 0,03%
присутствие; 1; 0,03%
человечен; 1; 0,03%
подумайте; 1; 0,03%
совершить; 1; 0,03%
ошибку; 1; 0,03%
уйдeте; 1; 0,03%
погасла; 1; 0,03%
вашей; 1; 0,03%
встречей; 1; 0,03%
крайней; 1; 0,03%
ближайшее; 1; 0,03%
обращается; 1; 0,03%
доброго; 1; 0,03%
добрыми; 1; 0,03%
встретить; 1; 0,03%
встречаю; 1; 0,03%
счастливее; 1; 0,03%
ничтожное; 1; 0,03%
существо; 1; 0,03%
чем-то; 1; 0,03%
обогатить; 1; 0,03%
чему-то; 1; 0,03%
научить; 1; 0,03%
почувствовать; 1; 0,03%
почувствовали; 1; 0,03%
дали; 1; 0,03%
удивило; 1; 0,03%
задали; 1; 0,03%
обрадовано; 1; 0,03%
дрожали; 1; 0,03%
разговаривая; 1; 0,03%
задаете; 1; 0,03%
кончится; 1; 0,03%
слышит; 1; 0,03%
начал; 1; 0,03%
боясь; 1; 0,03%
замялся; 1; 0,03%
разговором; 1; 0,03%
спрашиваете; 1; 0,03%
продолжая; 1; 0,03%
сопит; 1; 0,03%
тюлень; 1; 0,03%
отвечу; 1; 0,03%
успокойтесь; 1; 0,03%
умоляю; 1; 0,03%
нервируете; 1; 0,03%
замерли; 1; 0,03%
замечательно; 1; 0,03%
достаeт; 1; 0,03%
маленький; 1; 0,03%
прячет; 1; 0,03%
отплeвывается; 1; 0,03%
кладeт; 1; 0,03%
готовы; 1; 0,03%
троих; 1; 0,03%
последним; 1; 0,03%
пустоту; 1; 0,03%
точности; 1; 0,03%
спрашивали; 1; 0,03%
зло; 1; 0,03%
перебивайте; 1; 0,03%
договоримся; 1; 0,03%
несущего; 1; 0,03%
груз; 1; 0,03%
непонимающим; 1; 0,03%
сгорбленного; 1; 0,03%
дышащего; 1; 0,03%
разжимает; 1; 0,03%
кулаки; 1; 0,03%
облегчением; 1; 0,03%
устраивается; 1; 0,03%
поудобней; 1; 0,03%
понять; 1; 0,03%
право; 1; 0,03%
произвести; 1; 0,03%
впечатление; 1; 0,03%
выразился; 1; 0,03%
разжалобить; 1; 0,03%
расставался; 1; 0,03%
обмануть; 1; 0,03%
проведет; 1; 0,03%
использовать; 1; 0,03%
качестве; 1; 0,03%
нужен; 1; 0,03%
увижу; 1; 0,03%
неутомимый; 1; 0,03%
раскаюсь; 1; 0,03%
решении; 1; 0,03%
таков; 1; 0,03%
жалкий; 1; 0,03%
расчeт; 1; 0,03%
рабочих; 1; 0,03%
атлас; 1; 0,03%
сын; 1; 0,03%
юпитера; 1; 0,03%
заметьте; 1; 0,03%
моeм; 1; 0,03%
воспротивился; 1; 0,03%
говорите; 1; 0,03%
верно; 1; 0,03%
выгнать; 1; 0,03%
вышвырнуть; 1; 0,03%
дверь; 1; 0,03%
пинком; 1; 0,03%
зад; 1; 0,03%
веду; 1; 0,03%
доброте; 1; 0,03%
выручить; 1; 0,03%
правде; 1; 0,03%
выгонять; 1; 0,03%
таких; 1; 0,03%
существ; 1; 0,03%
убивать; 1; 0,03%
старых; 1; 0,03%
псов; 1; 0,03%
достоинства; 1; 0,03%
носовой; 1; 0,03%
утешьте; 1; 0,03%
жалеете; 1; 0,03%
возьмите; 1; 0,03%
утрите; 1; 0,03%
почувствует; 1; 0,03%
брошенным; 1; 0,03%
сделаю; 1; 0,03%
детские; 1; 0,03%
жесты; 1; 0,03%
торопитесь; 1; 0,03%
перестанет; 1; 0,03%
вытереть; 1; 0,03%
ударяет; 1; 0,03%
отбегает; 1; 0,03%
кругу; 1; 0,03%
вопя; 1; 0,03%
засучивает; 1; 0,03%
искалечил; 1; 0,03%
чужих; 1; 0,03%
кровь; 1; 0,03%
весу; 1; 0,03%
смогу; 1; 0,03%
понесу; 1; 0,03%
крайнем; 1; 0,03%
случае; 1; 0,03%
заменили; 1; 0,03%
некотором; 1; 0,03%
роде; 1; 0,03%
слeзы; 1; 0,03%
людские; 1; 0,03%
непреходящи; 1; 0,03%
перестаeт; 1; 0,03%
эпохе; 1; 0,03%
страшнее; 1; 0,03%
предыдущих; 1; 0,03%
человеческая; 1; 0,03%
популяция; 1; 0,03%
увеличилась; 1; 0,03%
научил; 1; 0,03%
тыча; 1; 0,03%
наступит; 1; 0,03%
касались; 1; 0,03%
низменных; 1; 0,03%
касающихся; 1; 0,03%
профессии; 1; 0,03%
красота; 1; 0,03%
милосердие; 1; 0,03%
высшая; 1; 0,03%
истина; 1; 0,03%
недоступно; 1; 0,03%
невольно; 1; 0,03%
оторвавшись; 1; 0,03%
созерцания; 1; 0,03%
мысленно; 1; 0,03%
выпрямляясь; 1; 0,03%
столько; 1; 0,03%
дашь; 1; 0,03%
молодой; 1; 0,03%
густые; 1; 0,03%
седые; 1; 0,03%
волосы; 1; 0,03%
обрамляют; 1; 0,03%
подмышку; 1; 0,03%
персонажи; 1; 0,03%
носят; 1; 0,03%
котелки; 1; 0,03%
лысый; 1; 0,03%
кнук; 1; 0,03%
каком; 1; 0,03%
веке; 1; 0,03%
живeте; 1; 0,03%
держали; 1; 0,03%
шутов; 1; 0,03%
кнуков; 1; 0,03%
позволить; 1; 0,03%
выгоняете; 1; 0,03%
старого; 1; 0,03%
верного; 1; 0,03%
слугу; 1; 0,03%
нервным; 1; 0,03%
высосали; 1; 0,03%
бросаете; 1; 0,03%
банановую; 1; 0,03%
корку; 1; 0,03%
признайтесь; 1; 0,03%
ладони; 1; 0,03%
вздевает; 1; 0,03%
схожу; 1; 0,03%
обессилено; 1; 0,03%
подрагивает; 1; 0,03%
сходит; 1; 0,03%
омерзительно; 1; 0,03%
осмелились; 1; 0,03%
стыдно; 1; 0,03%
хорошего; 1; 0,03%
хозяина; 1; 0,03%
заставлять; 1; 0,03%
стольких; 1; 0,03%
всхлипывая; 1; 0,03%
помогал; 1; 0,03%
развлекал; 1; 0,03%
убивает; 1; 0,03%
сталось; 1; 0,03%
извинений; 1; 0,03%
забудьте; 1; 0,03%
овладевает; 1; 0,03%
уверены; 1; 0,03%
капли; 1; 0,03%
правды; 1; 0,03%
страдающего; 1; 0,03%
роется; 1; 0,03%
девал; 1; 0,03%
очаровательный; 1; 0,03%
незабываемый; 1; 0,03%
окончен; 1; 0,03%
кино; 1; 0,03%
мюзик-холле; 1; 0,03%
засунул; 1; 0,03%
смешной; 1; 0,03%
пыхтелку; 1; 0,03%
смеется; 1; 0,03%
коридору; 1; 0,03%
займи; 1; 0,03%
чубук; 1; 0,03%
надрываясь; 1; 0,03%
хохота; 1; 0,03%
умру; 1; 0,03%
смеху; 1; 0,03%
случайно; 1; 0,03%
отсутствие; 1; 0,03%
попрощавшись; 1; 0,03%
принято; 1; 0,03%
остановить; 1; 0,03%
остановился; 1; 0,03%
идите; 1; 0,03%
увидите; 1; 0,03%
мрачный; 1; 0,03%
опрокидывает; 1; 0,03%
ударом; 1; 0,03%
взад; 1; 0,03%
недоволен; 1; 0,03%
пропустил; 1; 0,03%
замечательное; 1; 0,03%
хождение; 1; 0,03%
нисходят; 1; 0,03%
пан; 1; 0,03%
стемнеет; 1; 0,03%
поздней; 1; 0,03%
садитесь; 1; 0,03%
понастойчивей; 1; 0,03%
простудиться; 1; 0,03%
думаете; 1; 0,03%
правы; 1; 0,03%
пора; 1; 0,03%
опоздать; 1; 0,03%
остановилось; 1; 0,03%
уху; 1; 0,03%
предстаeт; 1; 0,03%
чeрном; 1; 0,03%
удачной; 1; 0,03%
шуткой; 1; 0,03%
какие; 1; 0,03%
доставить; 1; 0,03%
удовольствие; 1; 0,03%
продолжают; 1; 0,03%
заниматься; 1; 0,03%
делом; 1; 0,03%
наполовину; 1; 0,03%
почему-то; 1; 0,03%
издаeт; 1; 0,03%
успешно; 1; 0,03%
годиться; 1; 0,03%
слушателей; 1; 0,03%
стойте; 1; 0,03%
подцепите; 1; 0,03%
простуду; 1; 0,03%
паузы; 1; 0,03%
катулл; 1; 0,03%
слыша; 1; 0,03%
будьте; 1; 0,03%
повнимательней; 1; 0,03%
иначе; 1; 0,03%
придeм; 1; 0,03%
клонит; 1; 0,03%
сну; 1; 0,03%
заметив; 1; 0,03%
запрокидывает; 1; 0,03%
небе; 1; 0,03%
бледное; 1; 0,03%
светлое; 1; 0,03%
всякое; 1; 0,03%
широтах; 1; 0,03%
погоду; 1; 0,03%
напевно; 1; 0,03%
обыденным; 1; 0,03%
лирическим; 1; 0,03%
излив; 1; 0,03%
начиная; 1; 0,03%
понижая; 1; 0,03%
десяти; 1; 0,03%
утра; 1; 0,03%
повышает; 1; 0,03%
неослабные; 1; 0,03%
потоки; 1; 0,03%
розового; 1; 0,03%
белого; 1; 0,03%
света; 1; 0,03%
яркость; 1; 0,03%
ступенчато; 1; 0,03%
драматическая; 1; 0,03%
раскинув; 1; 0,03%
оп; 1; 0,03%
торжественно; 1; 0,03%
вуалью; 1; 0,03%
тишины; 1; 0,03%
спокойствия; 1; 0,03%
остальные; 1; 0,03%
имитируют; 1; 0,03%
мчится; 1; 0,03%
вибрирует; 1; 0,03%
бросится; 1; 0,03%
вжик; 1; 0,03%
вдохновение; 1; 0,03%
покидает; 1; 0,03%
ожидаем; 1; 0,03%
мрачным; 1; 0,03%
блядской; 1; 0,03%
заранее; 1; 0,03%
беспокоиться; 1; 0,03%
привычны; 1; 0,03%
встряхивает; 1; 0,03%
находите; 1; 0,03%
непонимающе; 1; 0,03%
средне; 1; 0,03%
сносно; 1; 0,03%
откровенно; 1; 0,03%
первым; 1; 0,03%
английским; 1; 0,03%
акцентом; 1; 0,03%
нужна; 1; 0,03%
поддержка; 1; 0,03%
сдал; 1; 0,03%
заметили; 1; 0,03%
плохая; 1; 0,03%
скучно; 1; 0,03%
бывает; 1; 0,03%
веселей; 1; 0,03%
внутренне; 1; 0,03%
борется; 1; 0,03%
достодолжно; 1; 0,03%
корректны; 1; 0,03%
настолько; 1; 0,03%
добрых; 1; 0,03%
скучают; 1; 0,03%
нищие; 1; 0,03%
объяснил; 1; 0,03%
останавливаться; 1; 0,03%
мучает; 1; 0,03%
полушка; 1; 0,03%
широкая; 1; 0,03%
душа; 1; 0,03%
предпочитаете; 1; 0,03%
умеете; 1; 0,03%
естественно; 1; 0,03%
вслух; 1; 0,03%
недурно; 1; 0,03%
часами; 1; 0,03%
станцевал; 1; 0,03%
веселее; 1; 0,03%
станцевать; 1; 0,03%
обычный; 1; 0,03%
порядок; 1; 0,03%
смешок; 1; 0,03%
лучшее; 1; 0,03%
умею; 1; 0,03%
потренировавшись; 1; 0,03%
фарандолу; 1; 0,03%
альме; 1; 0,03%
кадриль; 1; 0,03%
джигу; 1; 0,03%
фанданго; 1; 0,03%
экосез; 1; 0,03%
прыгал; 1; 0,03%
способен; 1; 0,03%
называет; 1; 0,03%
смерть; 1; 0,03%
козла; 1; 0,03%
отпущения; 1; 0,03%
рак; 1; 0,03%
лeгких; 1; 0,03%
танец; 1; 0,03%
запутался; 1; 0,03%
эстетично; 1; 0,03%
извиваясь; 1; 0,03%
ноше; 1; 0,03%
лошади; 1; 0,03%
тпррру; 1; 0,03%
дел; 1; 0,03%
брызгалку; 1; 0,03%
огорошенный; 1; 0,03%
больное; 1; 0,03%
левое; 1; 0,03%
лeгкое; 1; 0,03%
кашляет; 1; 0,03%
правое; 1; 0,03%
легкое; 1; 0,03%
отличном; 1; 0,03%
состоянии; 1; 0,03%
нормальным; 1; 0,03%
обойдусь; 1; 0,03%
подносят; 1; 0,03%
сосредотачиваются; 1; 0,03%
напряженно; 1; 0,03%
уверенны; 1; 0,03%
сказали; 1; 0,03%
взглянул; 1; 0,03%
поднимаясь; 1; 0,03%
сделал; 1; 0,03%
возьмет; 1; 0,03%
вытянутой; 1; 0,03%
надену; 1; 0,03%
обходит; 1; 0,03%
опаской; 1; 0,03%
сзади; 1; 0,03%
отойдите; 1; 0,03%
взять; 1; 0,03%
умолкает; 1; 0,03%
напряженное; 1; 0,03%
подавленность; 1; 0,03%
отвращение; 1; 0,03%
л; 1; 0,03%
монотонно; 1; 0,03%
дано; 1; 0,03%
существование; 1; 0,03%
личного; 1; 0,03%
каковым; 1; 0,03%
представлено; 1; 0,03%
работах; 1; 0,03%
какакака; 1; 0,03%
седобородого; 1; 0,03%
кака; 1; 0,03%
вне; 1; 0,03%
протяженности; 1; 0,03%
высот; 1; 0,03%
апатии; 1; 0,03%
атамбии; 1; 0,03%
афазии; 1; 0,03%
редким; 1; 0,03%
исключением; 1; 0,03%
страдание; 1; 0,03%
подобно; 1; 0,03%
божественной; 1; 0,03%
миранде; 1; 0,03%
теми; 1; 0,03%
муках; 1; 0,03%
огнях; 1; 0,03%
огонь; 1; 0,03%
продлится; 1; 0,03%
недолго; 1; 0,03%
зажгут; 1; 0,03%
стропила; 1; 0,03%
вознесут; 1; 0,03%
ад; 1; 0,03%
облакам; 1; 0,03%
голубым; 1; 0,03%
тихим; 1; 0,03%
спокойствием; 1; 0,03%
бесконечен; 1; 0,03%
менее; 1; 0,03%
коль; 1; 0,03%
увенчанных; 1; 0,03%
лаврами; 1; 0,03%
акакакакадемии; 1; 0,03%
антропометрии; 1; 0,03%
берне; 1; 0,03%
перешeптываться; 1; 0,03%
страдания; 1; 0,03%
увеличиваются; 1; 0,03%
безошибочно; 1; 0,03%
возможным; 1; 0,03%
просчeтом; 1; 0,03%
свойственным; 1; 0,03%
расчетам; 1; 0,03%
сходяи; 1; 0,03%
работ; 1; 0,03%
усилия; 1; 0,03%
фартов; 1; 0,03%
белькера; 1; 0,03%
дуракуса; 1; 0,03%
выясняется; 1; 0,03%
прогресс; 1; 0,03%
питании; 1; 0,03%
отправлении; 1; 0,03%
нужд; 1; 0,03%
чахнет; 1; 0,03%
успокаиваются; 1; 0,03%
нервничает; 1; 0,03%
развитие; 1; 0,03%
физической; 1; 0,03%
культуры; 1; 0,03%
спорта; 1; 0,03%
футбол; 1; 0,03%
мотоспорт; 1; 0,03%
велоспорт; 1; 0,03%
водный; 1; 0,03%
конный; 1; 0,03%
канотация; 1; 0,03%
камотация; 1; 0,03%
конькобежный; 1; 0,03%
асфальте; 1; 0,03%
газоне; 1; 0,03%
пихте; 1; 0,03%
хоккей; 1; 0,03%
пенициллин; 1; 0,03%
заменители; 1; 0,03%
уменьшаться; 1; 0,03%
гольф; 1; 0,03%
девять; 1; 0,03%
восемнадцать; 1; 0,03%
лунок; 1; 0,03%
сене-и-уазе; 1; 0,03%
сене-и-марне; 1; 0,03%
марне-и-уазе; 1; 0,03%
чахнут; 1; 0,03%
уменьшаются; 1; 0,03%
уазе; 1; 0,03%
марне; 1; 0,03%
чистой; 1; 0,03%
потери; 1; 0,03%
вольтера; 1; 0,03%
порядка; 1; 0,03%
дюйма; 1; 0,03%
граммов; 1; 0,03%
душу; 1; 0,03%
среднем; 1; 0,03%
округленно; 1; 0,03%
раздев; 1; 0,03%
догола; 1; 0,03%
словом; 1; 0,03%
налицо; 1; 0,03%
важней; 1; 0,03%
несомненно; 1; 0,03%
важнейшее; 1; 0,03%
восклицания; 1; 0,03%
вскакивает; 1; 0,03%
отбивается; 1; 0,03%
выкрикивает; 1; 0,03%
забытых; 1; 0,03%
опытов; 1; 0,03%
штейнвега; 1; 0,03%
петерманна; 1; 0,03%
селе; 1; 0,03%
горах; 1; 0,03%
берегу; 1; 0,03%
моря; 1; 0,03%
водных; 1; 0,03%
потоков; 1; 0,03%
огня; 1; 0,03%
мороза; 1; 0,03%
седьмом; 1; 0,03%
столетьи; 1; 0,03%
эры; 1; 0,03%
эфир; 1; 0,03%
великих; 1; 0,03%
глубинах; 1; 0,03%
суше; 1; 0,03%
чeрта; 1; 0,03%
куличках; 1; 0,03%
плачь; 1; 0,03%
голубые; 1; 0,03%
забытые; 1; 0,03%
труды; 1; 0,03%
серьезней; 1; 0,03%
заброшенные; 1; 0,03%
свалка; 1; 0,03%
издает; 1; 0,03%
неоконченные; 1; 0,03%
завладевает; 1; 0,03%
шляпой; 1; 0,03%
тяжeлое; 1; 0,03%
дыхание; 1; 0,03%
победителей; 1; 0,03%
отомщeн; 1; 0,03%
топчет; 1; 0,03%
сможет; 1; 0,03%
водить; 1; 0,03%
помер; 1; 0,03%
убьeте; 1; 0,03%
падаль; 1; 0,03%
дeргает; 1; 0,03%
сдвигает; 1; 0,03%
каким; 1; 0,03%
поднимайте; 1; 0,03%
надоело; 1; 0,03%
шатаются; 1; 0,03%
двигайтесь; 1; 0,03%
берeт; 1; 0,03%
корзинку; 1; 0,03%
крепче; 1; 0,03%
выпускает; 1; 0,03%
ощущение; 1; 0,03%
приводит; 1; 0,03%
нормальное; 1; 0,03%
пальцы; 1; 0,03%
обхватывают; 1; 0,03%
спотыкается; 1; 0,03%
остаeтся; 1; 0,03%
чемоданом; 1; 0,03%
руках; 1; 0,03%
подевал; 1; 0,03%
расстроенный; 1; 0,03%
настоящая; 1; 0,03%
секундной; 1; 0,03%
стрелкой; 1; 0,03%
дедушка; 1; 0,03%
подарил; 1; 0,03%
упала; 1; 0,03%
остатки; 1; 0,03%
жилеточном; 1; 0,03%
кармане; 1; 0,03%
сгибается; 1; 0,03%
приближает; 1; 0,03%
животу; 1; 0,03%
приблизиться; 1; 0,03%
подходят; 1; 0,03%
склоняются; 1; 0,03%
животом; 1; 0,03%
тиканье; 1; 0,03%
чeрт; 1; 0,03%
остановились; 1; 0,03%
выпрямляются; 1; 0,03%
воняют; 1; 0,03%
ваша; 1; 0,03%
замке; 1; 0,03%
разматывая; 1; 0,03%
развернув; 1; 0,03%
оказавшись; 1; 0,03%
прочь; 1; 0,03%
дороги; 1; 0,03%
кулис; 1; 0,03%
следуя; 1; 0,03%
машут; 1; 0,03%
погоняет; 1; 0,03%
верeвкой; 1; 0,03%
очередь; 1; 0,03%
скрыться; 1; 0,03%
верeвка; 1; 0,03%
эв; 1; 0,03%
махая; 1; 0,03%
поговорим; 1; 0,03%
удаeтся; 1; 0,03%
рассмотрел; 1; 0,03%
забываешь; 1; 0,03%
притворился; 1; 0,03%
узнает; 1; 0,03%
шевелится; 1; 0,03%
прихрамывая; 1; 0,03%
доносился; 1; 0,03%
посланием; 1; 0,03%
зная; 1; 0,03%
отвечать; 1; 0,03%
напугали; 1; 0,03%
испугался; 1; 0,03%
двоих; 1; 0,03%
мужчин; 1; 0,03%
здешний; 1; 0,03%
враньe; 1; 0,03%
трясeт; 1; 0,03%
правду; 1; 0,03%
дрожа; 1; 0,03%
искаженное; 1; 0,03%
несчастен; 1; 0,03%
играет; 1; 0,03%
злые; 1; 0,03%
шутки; 1; 0,03%
передумывает; 1; 0,03%
снимать; 1; 0,03%
прерывая; 1; 0,03%
выпаливает; 1; 0,03%
передать; 1; 0,03%
придeт; 1; 0,03%
работаешь; 1; 0,03%
занимаешься; 1; 0,03%
хожу; 1; 0,03%
козами; 1; 0,03%
добр; 1; 0,03%
моего; 1; 0,03%
брата; 1; 0,03%
занимается; 1; 0,03%
овечками; 1; 0,03%
спишь; 1; 0,03%
сарае; 1; 0,03%
братом; 1; 0,03%
гаснуть; 1; 0,03%
наступает; 1; 0,03%
всходит; 1; 0,03%
изливая; 1; 0,03%
серебристый; 1; 0,03%
башмака; 1; 0,03%
смотрю; 1; 0,03%
оставлю; 1; 0,03%
кто-нибудь; 1; 0,03%
меньший; 1; 0,03%
размер; 1; 0,03%
доставят; 1; 0,03%
босиком; 1; 0,03%
нашeл; 1; 0,03%
сравнивать; 1; 0,03%
сравнивал; 1; 0,03%
распинали; 1; 0,03%
крестах; 1; 0,03%
любом; 1; 0,03%
мальчишка; 1; 0,03%
сошeл; 1; 0,03%
где-нибудь; 1; 0,03%
укрыться; 1; 0,03%
уступает; 1; 0,03%
холодать; 1; 0,03%
напомни; 1; 0,03%
принести; 1; 0,03%
пятьдесят; 1; 0,03%
бросился; 1; 0,03%
дюранс; 1; 0,03%
работали; 1; 0,03%
виноградниках; 1; 0,03%
вытащил; 1; 0,03%
воды; 1; 0,03%
быльeм; 1; 0,03%
поросло; 1; 0,03%
одежда; 1; 0,03%
сохла; 1; 0,03%
разделиться; 1; 0,03%
созданы; 1; 0,03%
беззлобно; 1; 0,03%
пятки; 1; 0,03%
врозь; 1; 0,03%
старом; 1; 0,03%
дереве; 1; 0,03%
листочков; 1; 0,03%
шагать; 1; 0,03%
бережно; 1; 0,03%
приставив; 1; 0,03%
скрещивает; 1; 0,03%
груди; 1; 0,03%
откидывает; 1; 0,03%
начав; 1; 0,03%
высоким; 1; 0,03%
вновь; 1; 0,03%
босой; 1; 0,03%
опущенной; 1; 0,03%
огорченный; 1; 0,03%
по-прежнему; 1; 0,03%
молчит; 1; 0,03%
опустив; 1; 0,03%
провeл; 1; 0,03%
спрашивай; 1; 0,03%
останься; 1; 0,03%
покидал; 1; 0,03%
позволил; 1; 0,03%
наклоняя; 1; 0,03%
произведением; 1; 0,03%
искусства; 1; 0,03%
дрожью; 1; 0,03%
тянутся; 1; 0,03%
хлопают; 1; 0,03%
объятий; 1; 0,03%
поддерживаемый; 1; 0,03%
избил; 1; 0,03%
прошeл; 1; 0,03%
закончен; 1; 0,03%
делало; 1; 0,03%
поeт; 1; 0,03%
настроению; 1; 0,03%
прикажешь; 1; 0,03%
разу; 1; 0,03%
вставал; 1; 0,03%
ночью; 1; 0,03%
писаешь; 1; 0,03%
хватало; 1; 0,03%
любопытно; 1; 0,03%
подумав; 1; 0,03%
проверив; 1; 0,03%
радостно; 1; 0,03%
обыденно; 1; 0,03%
зато; 1; 0,03%
защитить; 1; 0,03%
побить; 1; 0,03%
помешать; 1; 0,03%
ввязаться; 1; 0,03%
драку; 1; 0,03%
чувствовать; 1; 0,03%
дорожишь; 1; 0,03%
шкурой; 1; 0,03%
признайся; 1; 0,03%
неправда; 1; 0,03%
посмотри-ка; 1; 0,03%
раза; 1; 0,03%
ступить; 1; 0,03%
волосок; 1; 0,03%
раздельно; 1; 0,03%
произнося; 1; 0,03%
чтобы-на-нeм-повеситься; 1; 0,03%
сумасшедший; 1; 0,03%
дурака; 1; 0,03%
валял; 1; 0,03%
это-то; 1; 0,03%
вел; 1; 0,03%
разозлившись; 1; 0,03%
узнавать; 1; 0,03%
грязи; 1; 0,03%
разницу; 1; 0,03%
мерзость; 1; 0,03%
вылазил; 1; 0,03%
пейзажами; 1; 0,03%
землeй; 1; 0,03%
станешь; 1; 0,03%
жест; 1; 0,03%
большая; 1; 0,03%
разница; 1; 0,03%
поганую; 1; 0,03%
дерьмоклюзе; 1; 0,03%
собирали; 1; 0,03%
виноград; 1; 0,03%
звали; 1; 0,03%
бонелли; 1; 0,03%
руссильоне; 1; 0,03%
красное; 1; 0,03%
доведенный; 1; 0,03%
крайности; 1; 0,03%
глубоко; 1; 0,03%
возвращаешься; 1; 0,03%
получилось; 1; 0,03%
миллионы; 1; 0,03%
напыщенно; 1; 0,03%
крест; 1; 0,03%
разговаривать; 1; 0,03%
неспособны; 1; 0,03%
неумолчны; 1; 0,03%
оправдание; 1; 0,03%
слышать; 1; 0,03%
причины; 1; 0,03%
мeртвые; 1; 0,03%
голоса; 1; 0,03%
шум; 1; 0,03%
крыльев; 1; 0,03%
песка; 1; 0,03%
шепчут; 1; 0,03%
шелестят; 1; 0,03%
мертвыми; 1; 0,03%
шелест; 1; 0,03%
перьев; 1; 0,03%
пепла; 1; 0,03%
споeшь; 1; 0,03%
сложным; 1; 0,03%
угодно; 1; 0,03%
ищешь; 1; 0,03%
слушаешь; 1; 0,03%
найти; 1; 0,03%
всe-таки; 1; 0,03%
противоречить; 1; 0,03%
жалуемся; 1; 0,03%
страшное; 1; 0,03%
считали; 1; 0,03%
ужаснее; 1; 0,03%
случалось; 1; 0,03%
трупы; 1; 0,03%
скелеты; 1; 0,03%
думали; 1; 0,03%
притягивает; 1; 0,03%
хотя; 1; 0,03%
довольно; 1; 0,03%
природе; 1; 0,03%
пробовали; 1; 0,03%
худшее; 1; 0,03%
обошлось; 1; 0,03%
разговорились; 1; 0,03%
придумать; 1; 0,03%
другое; 1; 0,03%
думают; 1; 0,03%
честно; 1; 0,03%
многого; 1; 0,03%
обменялись; 1; 0,03%
чeрным; 1; 0,03%
голым; 1; 0,03%
покрылось; 1; 0,03%
весна; 1; 0,03%
плохой; 1; 0,03%
по-твоему; 1; 0,03%
клетке; 1; 0,03%
пустоты; 1; 0,03%
везде; 1; 0,03%
уверенный; 1; 0,03%
правоте; 1; 0,03%
болтали; 1; 0,03%
овладевая; 1; 0,03%
уверенно; 1; 0,03%
полвека; 1; 0,03%
события; 1; 0,03%
обстоятельства; 1; 0,03%
устало; 1; 0,03%
изводи; 1; 0,03%
ребра; 1; 0,03%
обе; 1; 0,03%
пошатываясь; 1; 0,03%
закатывает; 1; 0,03%
та; 1; 0,03%
воспаленная; 1; 0,03%
рана; 1; 0,03%
жали; 1; 0,03%
башмакам; 1; 0,03%
черные; 1; 0,03%
черными; 1; 0,03%
серыми; 1; 0,03%
зеленоватые; 1; 0,03%
пареной; 1; 0,03%
репы; 1; 0,03%
подходили; 1; 0,03%
малы; 1; 0,03%
редиски; 1; 0,03%
морковок; 1; 0,03%
увлекаешься; 1; 0,03%
морковками; 1; 0,03%
редиска; 1; 0,03%
прекрасно; 1; 0,03%
отдает; 1; 0,03%
поищу; 1; 0,03%
бессодержательным; 1; 0,03%
перепробовал; 1; 0,03%
разнообразия; 1; 0,03%
развлечения; 1; 0,03%
примерь; 1; 0,03%
поможешь; 1; 0,03%
левую; 1; 0,03%
придумываем; 1; 0,03%
живем; 1; 0,03%
волшебники; 1; 0,03%
даем; 1; 0,03%
сбить; 1; 0,03%
толку; 1; 0,03%
ухватившись; 1; 0,03%
скачут; 1; 0,03%
удается; 1; 0,03%
вынимая; 1; 0,03%
кармана; 1; 0,03%
зашнуруем; 1; 0,03%
неистово; 1; 0,03%
зашнуровывать; 1; 0,03%
примерим; 1; 0,03%
жмут; 1; 0,03%
оставляешь; 1; 0,03%
присяду; 1; 0,03%
первого; 1; 0,03%
акта; 1; 0,03%
попробую; 1; 0,03%
свертывается; 1; 0,03%
клубочек; 1; 0,03%
ног; 1; 0,03%
баю-баюшки-баю; 1; 0,03%
баю-баю; 1; 0,03%
накидывает; 1; 0,03%
направлениях; 1; 0,03%
потирая; 1; 0,03%
растерянных; 1; 0,03%
заключает; 1; 0,03%
объятия; 1; 0,03%
бойся; 1; 0,03%
падал; 1; 0,03%
ну-ка; 1; 0,03%
походим; 1; 0,03%
тех; 1; 0,03%
предпочитаешь; 1; 0,03%
пень; 1; 0,03%
туда-назад; 1; 0,03%
захода; 1; 0,03%
солнца; 1; 0,03%
заходит; 1; 0,03%
зайдет; 1; 0,03%
жаловаться; 1; 0,03%
начинаешь; 1; 0,03%
стонами; 1; 0,03%
прощай; 1; 0,03%
замечал; 1; 0,03%
ошибся; 1; 0,03%
спокойны; 1; 0,03%
ее; 1; 0,03%
возьми-ка; 1; 0,03%
кокетливо; 1; 0,03%
поворачивает; 1; 0,03%
направо; 1; 0,03%
позу; 1; 0,03%
манекена; 1; 0,03%
неудобной; 1; 0,03%
царапалась; 1; 0,03%
согнувшегося; 1; 0,03%
ноши; 1; 0,03%
изумленно; 1; 0,03%
ругай; 1; 0,03%
мерзавец; 1; 0,03%
оставаясь; 1; 0,03%
согнутым; 1; 0,03%
корчиться; 1; 0,03%
душераздирающий; 1; 0,03%
нескольких; 1; 0,03%
шагах; 1; 0,03%
задыхаясь; 1; 0,03%
крепко; 1; 0,03%
обнимает; 1; 0,03%
навстречу; 1; 0,03%
тащит; 1; 0,03%
выбегает; 1; 0,03%
ловушке; 1; 0,03%
мыши; 1; 0,03%
мышеловке; 1; 0,03%
оттуда; 1; 0,03%
окружены; 1; 0,03%
заднику; 1; 0,03%
запутывается; 1; 0,03%
прохода; 1; 0,03%
подводит; 1; 0,03%
публику; 1; 0,03%
беги; 1; 0,03%
краю; 1; 0,03%
спрятаться; 1; 0,03%
прячется; 1; 0,03%
которое; 1; 0,03%
скрывает; 1; 0,03%
сошел; 1; 0,03%
стыдливо; 1; 0,03%
прощения; 1; 0,03%
встанешь; 1; 0,03%
ведет; 1; 0,03%
лицом; 1; 0,03%
дороге; 1; 0,03%
спиной; 1; 0,03%
спина; 1; 0,03%
старые; 1; 0,03%
времена; 1; 0,03%
оборачиваясь; 1; 0,03%
кричи; 1; 0,03%
извини; 1; 0,03%
прервал; 1; 0,03%
напротив; 1; 0,03%
церемониться; 1; 0,03%
фразу; 1; 0,03%
ругать; 1; 0,03%
обмен; 1; 0,03%
ругательствами; 1; 0,03%
помиримся; 1; 0,03%
раскрывая; 1; 0,03%
летит; 1; 0,03%
упражнения; 1; 0,03%
расслабление; 1; 0,03%
раккомодацию; 1; 0,03%
подражает; 1; 0,03%
ударе; 1; 0,03%
дыхательных; 1; 0,03%
упражнений; 1; 0,03%
дышать; 1; 0,03%
господь; 1; 0,03%
закрыть; 1; 0,03%
закрывает; 1; 0,03%
бешено; 1; 0,03%
размахивая; 1; 0,03%
господи; 1; 0,03%
обиженно; 1; 0,03%
ослеп; 1; 0,03%
первом; 1; 0,03%
акте; 1; 0,03%
привязан; 1; 0,03%
удобней; 1; 0,03%
новая; 1; 0,03%
виде; 1; 0,03%
сталкивается; 1; 0,03%
пятятся; 1; 0,03%
цепляясь; 1; 0,03%
новой; 1; 0,03%
кричал; 1; 0,03%
выпуская; 1; 0,03%
увлекая; 1; 0,03%
лежат; 1; 0,03%
посреди; 1; 0,03%
подкрепление; 1; 0,03%
беззвучным; 1; 0,03%
начинаем; 1; 0,03%
разговариваться; 1; 0,03%
скрасит; 1; 0,03%
сражались; 1; 0,03%
силами; 1; 0,03%
настало; 1; 0,03%
другому; 1; 0,03%
сядет; 1; 0,03%
взойдет; 1; 0,03%
бедный; 1; 0,03%
цыпленок; 1; 0,03%
пускай; 1; 0,03%
поднимется; 1; 0,03%
извивается; 1; 0,03%
попросить; 1; 0,03%
даст; 1; 0,03%
оставим; 1; 0,03%
власти; 1; 0,03%
условия; 1; 0,03%
помогать; 1; 0,03%
умно; 1; 0,03%
придумано; 1; 0,03%
кое-чего; 1; 0,03%
опасаюсь; 1; 0,03%
очнется; 1; 0,03%
попадет; 1; 0,03%
побил; 1; 0,03%
сорваться; 1; 0,03%
цепи; 1; 0,03%
любую; 1; 0,03%
минуту; 1; 0,03%
хорошенько; 1; 0,03%
проучить; 1; 0,03%
броситься; 1; 0,03%
способны; 1; 0,03%
воспользоваться; 1; 0,03%
рассчитывая; 1; 0,03%
признательность; 1; 0,03%
тратить; 1; 0,03%
пустые; 1; 0,03%
разговоры; 1; 0,03%
бываем; 1; 0,03%
смогли; 1; 0,03%
призыв; 1; 0,03%
услышали; 1; 0,03%
адресован; 1; 0,03%
человечеству; 1; 0,03%
человечество; 1; 0,03%
воспользуемся; 1; 0,03%
стало; 1; 0,03%
достойно; 1; 0,03%
представим; 1; 0,03%
отбросы; 1; 0,03%
которыми; 1; 0,03%
сравняла; 1; 0,03%
беда; 1; 0,03%
взвешивая; 1; 0,03%
сложа; 1; 0,03%
против; 1; 0,03%
отдаем; 1; 0,03%
дань; 1; 0,03%
социальному; 1; 0,03%
тигр; 1; 0,03%
выручку; 1; 0,03%
своих; 1; 0,03%
сородичей; 1; 0,03%
раздумывая; 1; 0,03%
секунды; 1; 0,03%
спасается; 1; 0,03%
бегством; 1; 0,03%
густом; 1; 0,03%
кустарнике; 1; 0,03%
хаосе; 1; 0,03%
сказано; 1; 0,03%
святые; 1; 0,03%
ответить; 1; 0,03%
тысячи; 1; 0,03%
разнообразить; 1; 0,03%
поступками; 1; 0,03%
могут; 1; 0,03%
разумными; 1; 0,03%
которым; 1; 0,03%
привыкли; 1; 0,03%
угаснуть; 1; 0,03%
разуму; 1; 0,03%
само; 1; 0,03%
блуждает; 1; 0,03%
вечной; 1; 0,03%
подземелий; 1; 0,03%
следишь; 1; 0,03%
мыслью; 1; 0,03%
рождаемся; 1; 0,03%
сумасшедшими; 1; 0,03%
кое-кто; 1; 0,03%
остается; 1; 0,03%
денег; 1; 0,03%
зашел; 1; 0,03%
появился; 1; 0,03%
возражай; 1; 0,03%
неоспоримо; 1; 0,03%
упускаем; 1; 0,03%
работу; 1; 0,03%
рассеется; 1; 0,03%
останемся; 1; 0,03%
наедине; 1; 0,03%
одиночеством; 1; 0,03%
путается; 1; 0,03%
вещах; 1; 0,03%
полу; 1; 0,03%
бросай; 1; 0,03%
убьют; 1; 0,03%
обещаешь; 1; 0,03%
клянусь; 1; 0,03%
арьеж; 1; 0,03%
захочешь; 1; 0,03%
три; 1; 0,03%
четыре; 1; 0,03%
погулять; 1; 0,03%
арьежу; 1; 0,03%
погуляешь; 1; 0,03%
вернул; 1; 0,03%
отвратительно; 1; 0,03%
проваливай; 1; 0,03%
простудишься; 1; 0,03%
беспокойся; 1; 0,03%
обо; 1; 0,03%
нее; 1; 0,03%
тяни; 1; 0,03%
лежать; 1; 0,03%
холера; 1; 0,03%
знать; 1; 0,03%
спи; 1; 0,03%
подскакивая; 1; 0,03%
судак; 1; 0,03%
заткнулся; 1; 0,03%
морде; 1; 0,03%
сволочь; 1; 0,03%
уползает; 1; 0,03%
приподнявшись; 1; 0,03%
локте; 1; 0,03%
сбежал; 1; 0,03%
добраться; 1; 0,03%
покидай; 1; 0,03%
позвать; 1; 0,03%
позови; 1; 0,03%
вэ; 1; 0,03%
пошевелился; 1; 0,03%
боюсь; 1; 0,03%
найдем; 1; 0,03%
нужное; 1; 0,03%
песня; 1; 0,03%
зовeт; 1; 0,03%
облачко; 1; 0,03%
зените; 1; 0,03%
поменяем; 1; 0,03%
тему; 1; 0,03%
предложить; 1; 0,03%
поднимаются; 1; 0,03%
хотеть; 1; 0,03%
поможем; 1; 0,03%
помогают; 1; 0,03%
вися; 1; 0,03%
плечах; 1; 0,03%
привык; 1; 0,03%
стоячему; 1; 0,03%
признаeте; 1; 0,03%
смеясь; 1; 0,03%
очевидно; 1; 0,03%
придираться; 1; 0,03%
похожи; 1; 0,03%
черт; 1; 0,03%
словам; 1; 0,03%
бросайте; 1; 0,03%
речи; 1; 0,03%
семь; 1; 0,03%
восемь; 1; 0,03%
заходящее; 1; 0,03%
заря; 1; 0,03%
глупостей; 1; 0,03%
запад; 1; 0,03%
отвечаете; 1; 0,03%
хотим; 1; 0,03%
глупость; 1; 0,03%
успокаивающе; 1; 0,03%
заставить; 1; 0,03%
усомниться; 1; 0,03%
признаться; 1; 0,03%
колебался; 1; 0,03%
долгий; 1; 0,03%
уверить; 1; 0,03%
концу; 1; 0,03%
чувствуете; 1; 0,03%
придется; 1; 0,03%
пробуют; 1; 0,03%
держат; 1; 0,03%
видя; 1; 0,03%
упадет; 1; 0,03%
кариатиды; 1; 0,03%
вспоминает; 1; 0,03%
memoria; 1; 0,03%
praeteritorum; 1; 0,03%
bonorum; 1; 0,03%
крот; 1; 0,03%
расспрашивайте; 1; 0,03%
слепые; 1; 0,03%
ощущают; 1; 0,03%
обратном; 1; 0,03%
называемом; 1; 0,03%
описать; 1; 0,03%
сгибаясь; 1; 0,03%
слуга; 1; 0,03%
зову; 1; 0,03%
ранен; 1; 0,03%
вдвоем; 1; 0,03%
пойдет; 1; 0,03%
ждет; 1; 0,03%
жду; 1; 0,03%
дернет; 1; 0,03%
задушить; 1; 0,03%
пах; 1; 0,03%
бояться; 1; 0,03%
отомстить; 1; 0,03%
защищаться; 1; 0,03%
защищается; 1; 0,03%
прибегу; 1; 0,03%
теряй; 1; 0,03%
смысла; 1; 0,03%
бить; 1; 0,03%
придя; 1; 0,03%
ярость; 1; 0,03%
ушибает; 1; 0,03%
испуская; 1; 0,03%
ложится; 1; 0,03%
калачиком; 1; 0,03%
согнув; 1; 0,03%
коленям; 1; 0,03%
обхватив; 1; 0,03%
ушиб; 1; 0,03%
виделись; 1; 0,03%
помните; 1; 0,03%
вспомню; 1; 0,03%
рассчитывайте; 1; 0,03%
продать; 1; 0,03%
разговаривали; 1; 0,03%
отпустите; 1; 0,03%
идете; 1; 0,03%
заботит; 1; 0,03%
вещами; 1; 0,03%
чемодане; 1; 0,03%
песок; 1; 0,03%
делаете; 1; 0,03%
падаете; 1; 0,03%
неоткуда; 1; 0,03%
стонать; 1; 0,03%
перестаете; 1; 0,03%
травить; 1; 0,03%
вашими; 1; 0,03%
историями; 1; 0,03%
неслыханно; 1; 0,03%
похожий; 1; 0,03%
глухим; 1; 0,03%
глухими; 1; 0,03%
умрем; 1; 0,03%
рожают; 1; 0,03%
сверкает; 1; 0,03%
уходят; 1; 0,03%
вслед; 1; 0,03%
мимика; 1; 0,03%
показывают; 1; 0,03%
спящему; 1; 0,03%
будит; 1; 0,03%
растерянные; 1; 0,03%
бессвязная; 1; 0,03%
речь; 1; 0,03%
помогло; 1; 0,03%
настоящий; 1; 0,03%
ощущает; 1; 0,03%
разуться; 1; 0,03%
страдали; 1; 0,03%
покажется; 1; 0,03%
моим; 1; 0,03%
наступления; 1; 0,03%
проходил; 1; 0,03%
разговаривал; 1; 0,03%
сомнения; 1; 0,03%
правдой; 1; 0,03%
безрезультативно; 1; 0,03%
пытавшийся; 1; 0,03%
дремать; 1; 0,03%
помнить; 1; 0,03%
расскажет; 1; 0,03%
сложные; 1; 0,03%
роды; 1; 0,03%
ямы; 1; 0,03%
могильщик; 1; 0,03%
щипцы; 1; 0,03%
состариться; 1; 0,03%
полон; 1; 0,03%
нашими; 1; 0,03%
криками; 1; 0,03%
прислушивается; 1; 0,03%
привычка; 1; 0,03%
продолжать; 1; 0,03%
справа; 1; 0,03%
вчерашний; 1; 0,03%
продолжим; 1; 0,03%
кого-нибудь; 1; 0,03%
поживает; 1; 0,03%
твой; 1; 0,03%
болен; 1; 0,03%
стрелой; 1; 0,03%
разувается; 1; 0,03%
накажет; 1; 0,03%
живет; 1; 0,03%
породы; 1; 0,03%
ива; 1; 0,03%
посмотрим; 1; 0,03%
куска; 1; 0,03%
пояс; 1; 0,03%
развязывает; 1; 0,03%
поддерживает; 1; 0,03%
спадают; 1; 0,03%
щиколоток; 1; 0,03%
худой; 1; 0,03%
пошла; 1; 0,03%
непрочная; 1; 0,03%
поглядим; 1; 0,03%
берутся; 1; 0,03%
тянут; 1; 0,03%
рвется; 1; 0,03%
годится; 1; 0,03%
принесем; 1; 0,03%
пошло; 1; 0,03%
